"","dig_code","dig_desc","11","21","22","23","31","32","33","42","48","49","4X","51","52","53","54","55","56","61","62","71","72","81","S0"
"1","1111A0","Oilseed farming",2564,0,0,0,12687,661,0,0,0,0,0,0,0,0,0,0,0,0,0,0,0,0,-483
"2","1111B0","Grain farming",6860,0,0,0,20815,5357,0,576,0,0,434,0,0,0,34,3,0,8,0,0,4,0,16
"3","111200","Vegetable and melon farming",810,0,0,0,1569,0,0,0,22,0,11,0,0,0,0,0,0,31,0,0,139,5,112
"4","111300","Fruit and tree nut farming",82,0,0,0,9177,0,0,0,8,0,0,0,0,0,0,0,0,3,0,0,5,1,15
"5","111400","Greenhouse, nursery, and floriculture production",3318,0,0,332,626,342,650,22,0,0,912,0,1,3,147,0,796,2,0,36,0,27,1797
"6","111900","Other crop farming",3261,70,0,1509,10775,673,0,4,0,0,16,0,0,0,14,1,35,3,0,19,0,0,133
"7","112120","Dairy cattle and milk production",3,0,0,0,35387,0,0,0,0,0,0,0,0,0,1,0,0,6,0,0,0,0,14
"8","1121A0","Beef cattle ranching and farming, including feedlots and dual-purpose ranching and farming",15115,0,0,0,41269,0,0,536,0,0,0,0,0,0,45,6,0,0,0,0,0,0,0
"9","112300","Poultry and egg production",5147,0,0,0,22641,0,0,34,0,0,187,0,0,0,2,0,0,42,0,0,51,1,317
"10","112A00","Animal production, except cattle and poultry and eggs",2295,0,0,0,16740,0,7,193,31,0,1,0,0,0,134,12,2,1,0,195,639,0,67
"11","113000","Forestry and logging",3384,57,0,0,272,18617,270,0,0,0,3,0,0,0,4,0,1,1,0,0,0,0,82
"12","114000","Fishing, hunting and trapping",0,0,0,0,6052,30,0,0,3,0,531,0,0,0,6,0,0,63,0,151,2759,85,391
"13","115000","Support activities for agriculture and forestry",20993,0,0,0,0,0,0,0,0,0,0,0,0,0,62,9,0,0,0,0,0,0,2191
"14","211000","Oil and gas extraction",0,25366,71536,0,7,388690,71,58,196,8,78,13,0,0,31,119,21,12,138,43,181,87,19179
"15","212100","Coal mining",906,2819,11170,0,2503,5864,5988,9,0,3,0,0,0,0,69,45,2,17,44,10,359,21,4489
"16","212230","Copper, nickel, lead, and zinc mining",0,356,0,0,0,1082,8116,0,0,0,0,237,0,0,222,2,335,259,21,777,58,445,0
"17","2122A0","Iron, gold, silver, and other metal ore mining",2.2713895631068,934.256472491909,37.3924453883495,3.57397855987055,9.60659385113268,1521.15483414239,8199.3217759788,9.94442758899676,2.69282045787586,0.628781483871714,5.81957928802589,1.17233009708738,1.76663632686084,4.44508495145631,116.221177184466,1.53731796116505,3.69609627831715,0.0732706310679611,0.325647249190938,0.838541666666666,4.65675566343042,0.814118122977346,0
"18","212310","Stone mining and quarrying",711,1061,40,10612,0,2751,30,0,101,0,0,5,0,0,140,1,0,0,0,0,0,0,198
"19","2123A0","Other nonmetallic mineral mining and quarrying",378,324,82,2651,177,7961,236,0,0,0,0,51,0,0,108,3,0,0,7,0,0,0,624
"20","213111","Drilling oil and gas wells",0,48648.3616229924,17.2439137785292,16.1314032121724,0,5.5625528317836,2.73165150177289,0,140.176331360947,0,0,0,0,0,13.906382079459,0,0,0,0,0,0,0,0
"21","21311A","Other support activities for mining",0,53227.4429359423,73.1063798773411,21.4062487038594,0,33.7899505118228,6.76504724929669,10.1979996511019,214.950900132918,0,10.9074257137873,0,5.85276501715415,17.8243298249695,31.6652873977754,2.26603477350701,3.01506076641275,0,0,0,0.177356515671338,0.088678257835669,0
"22","221100","Electric power generation, transmission, and distribution",1670,3355,12912,3160,6010,20386,15744,7872,2748,4324,22341,2522,2262,40295,2160,7301,970,1419,4991,1707,17176,1989,4968
"23","221200","Natural gas distribution",2089,784,257,402,6404,18158,9833,283,1844,9100,478,137,1565,18409,164,298,390,2479,886,210,901,820,13845
"24","221300","Water, sewage and other systems",1500,435,9142,415,575,1501,1051,244,51,154,512,405,356,237,154,36,292,1171,480,148,769,345,4475
"25","233210","Health care structures",0,0,0,0,0,0,1,0,0,0,3,0,1227,2280,88,29,20,34,13753,0,2,73,4163.71963426484
"26","233262","Educational and vocational structures",0,0,0,0,0,0,0,0,0,0,2,32,0,0,43,1,0,5854,125,294,1,384,29629.2576419214
"27","230301","Nonresidential maintenance and repair",1764,3805,5658,190,1444,10702,4012,1055,3012,449,2514,2080,8157,47688,782,456,312,267,1053,351,1691,2681,45498
"28","230302","Residential maintenance and repair",0,0,0,0,0,0,0,0,0,0,0,0,0,63468,0,0,0,0,0,0,0,0,7595
"29","2332A0","Office and commercial structures",168,561,675,1076,451,883,1771.07938287698,4200,1154.19481007898,955.993189921023,14385,3258,11509,12911,2488,5503,1130,275,2362,510,2624,1437,6310.62021230078
"30","233412","Multifamily residential structures",0,0,0,0,0,0,0,0,0,0,0,0,0,23389.24,0,0,0,0,0,0,0,0,3666.32195833856
"31","2334A0","Other residential structures",0,0,0,0,0,0,0,0,0,0,0,0,0,88026,0,0,0,0,0,0,0,0,7985.39601200741
"32","233230","Manufacturing structures",12,3059,227,336,4193,9139,13703.3217223405,546,507.85370440015,59.1462955998496,248,1467,1278,3001,574,929,104,0,27,24,48,152,485.883555759003
"33","2332D0","Other nonresidential structures",6250,94,775,253,7,14,7.98936058642321,1,166.04663407296,8.95336592704024,519,1653,429,7222,15,2,1189,353,390,4094,7931,6699,34242.3957750495
"34","233240","Power and communication structures",59,596,23664,96,0,64,7.30626994749305,14,2035.78939450921,6.21060549078601,5,11933,8,28,16,37,32,14,35,2,0,11,6556.82131960938
"35","233411","Single-family residential structures",0,0,0,0,0,0,0,0,0,0,0,0,0,121972.76,0,0,0,0,0,0,0,0,4221.96826672023
"36","2332C0","Transportation structures and highways and streets",380.607246411203,157.533924095229,129.683393330658,1067.6366178449,59.1966839490601,226.31050103121,284.256858248268,658.588630943793,9479.31469985443,355.758793928833,377.752960977518,185.28079663791,3313.23286439519,2535.43582906383,221.944960191834,43.3039389619097,396.972945128733,43.1053776782932,122.736082169804,103.725765431391,64.7801737269398,180.324730316891,48858.8709771514
"37","321100","Sawmills and wood preservation",10,103,0,9050,2,20137,4135,35,1245,0,24,187,0,30,85,1,20,1,437,36,124,36,228
"38","321200","Veneer, plywood, and engineered wood product manufacturing",0,0,0,13930,0,4436,6485,3,0,0,27,550,0,48,73,0,176,6,425,57,270,48,706
"39","321910","Millwork",30,19,0,14193,1,2793,2143,66,98,0,115,1445,0,4628,333,1,43,30,180,46,409,105,326
"40","3219A0","All other wood product manufacturing",349,65,0,4230,313,2899,2482,1628,109,144.977104166667,1125,219,109,3824.55873493976,134,0,302,25,222,16,461,171,2169.27073133117
"41","327100","Clay product and refractory manufacturing",0,0,0,6109,0,1386,1587,0,0,0,231,924,0,8,167,1,1,8,294,19,170,10,99
"42","327200","Glass and glass product manufacturing",1,0,0,1095,4627,4960,6517,22,15,29,47,43,74,23,1191,97,260,52,2286,5,327,238,500
"43","327310","Cement manufacturing",1,637,0,1194,0,9564,106,0,11,0,5,37,0,6,86,0,0,1,15,4,37,1,8
"44","327320","Ready-mix concrete manufacturing",3,21,1,29277,0,903,56,83,0,0,180,702,0,112,827,3,0,42,181,57,186,56,1289
"45","327330","Concrete pipe, brick, and block manufacturing",7,4,6,6349,0,389,319,0,1,0,160,193,0,0,604,1,2,10,74,20,280,12,381
"46","327390","Other concrete product manufacturing",0,0,29,9312,0,753,407,112,1,0,359,355,0,36,214,17,131,1,142,31,227,568,306
"47","327400","Lime and gypsum product manufacturing",6,155,0,3395,0,905,1223,1,0,0,48,196,0,33,329,1,498,2,71,22,283,32,146
"48","327910","Abrasive product manufacturing",0,11,0,339,6,847,3229,6,0,66,5,19,0,24,20,0,16,1,1,2,0,99,341
"49","327991","Cut stone and stone product manufacturing",0,0,0,3609,0,148,0,0,0,0,0,222,0,0,15,1,0,2,0,2,173,0,129
"50","327992","Ground or treated mineral and earth manufacturing",0,214,0,40,0,1822,884,0,0,0,0,0,0,0,0,0,0,0,0,0,0,0,3
"51","327993","Mineral wool manufacturing",0,0,0,3823,0,1168,706,0,0,0,0,0,0,0,30,0,63,0,0,0,0,0,29
"52","327999","Miscellaneous nonmetallic mineral products",0,0,0,1888,0,573,727,1,24,0,0,0,0,31,29,0,0,0,4,0,0,0,40
"53","331110","Iron and steel mills and ferroalloy manufacturing",0,2094,0,1521,77,1563,130503,196,316,0,13,109,0,769,669,19,730,122,286,252,28,185,68
"54","331200","Steel product manufacturing from purchased steel",112,1314,0,1073,183,1376,7811,71,0,0,1,51,2,21,12,0,2,1,11,2,4,3,219
"55","331313","Alumina refining and primary aluminum production",0,0,0,29,0,108,23684,0,0,0,0,88,0,0,91,10,80,0,0,0,0,6,126
"56","33131B","Aluminum product manufacturing from purchased aluminum",0,0,0,65,5823,634,20434,11,0,0,0,3,0,4,0,0,0,0,0,0,18,0,11
"57","331410","Nonferrous Metal (except Aluminum) Smelting and Refining",0,0,0,4,1,93,40728,1017,0,0,1322,0,0,0,309,1,3,0,0,0,0,87,221
"58","331420","Copper rolling, drawing, extruding and alloying",0,0,0,536,0,93,25761,71,0,0,4,33,0,0,2,0,0,0,7,6,26,4,70
"59","331490","Nonferrous metal (except copper and aluminum) rolling, drawing, extruding and alloying",0,0,1,53,0,27,13135,133,0,0,1,95,0,12,44,3,7,0,1,14,5,48,129
"60","331510","Ferrous metal foundries",0,16,0,261,0,4,17266,27,1179,0,0,0,0,0,0,0,0,0,0,0,0,2,0
"61","331520","Nonferrous metal foundries",0,0,0,6,0,16,13209,4,0,0,1,0,0,0,16,1,1,0,54,3,0,16,27
"62","332114","Custom roll forming",0,0,0,138,0,218,7372,1,0,0,5,70,0,18,0,0,0,0,19,10,0,0,0
"63","33211A","All other forging, stamping, and sintering",3,31,0,152,0,63,12011,0,0,0,0,79,0,0,212,2,63,0,1,0,149,39,49
"64","332119","Metal crown, closure, and other metal stamping (except automotive)",4,0,0,214,65,1645,8579,112,0,0,12,645,0,37,12,1,0,0,174,22,6,90,360
"65","332200","Cutlery and handtool manufacturing",798.567376614447,352.93309091365,57.8142517295518,933.489760158421,72.4812935198339,461.948343055778,2210.1234925808,176.445265822725,221.207476329788,6.36819832853126,110.755719103299,266.211135925918,10.6113625217335,120.097951689706,74.1023111887225,32.0575561472654,58.7633154990352,73.1735178796627,137.632408411156,204.436968686474,62.9852165506001,280.794956545313,2024.18554266095
"66","332310","Plate work and fabricated structural product manufacturing",153.721177184466,556.467637540453,28.3346480582524,21677.7082322006,7.27953074433657,1406.75707928803,13724.6413457728,592.262237055016,2443.04052233454,4.08158700434171,110.652103559871,234.888349514563,1.33869336569579,137.368325242718,1159.92536407767,5.40716019417476,913.800768608414,26.0555218446602,157.246763754045,188.635416666667,407.528721682848,66.6169093851133,1227.95084879406
"67","332320","Ornamental and architectural metal products manufacturing",18.8830400485437,492.434466019417,96.8487560679612,24912.2568264563,24.8816747572816,2926.02214805825,8958.0445998954,47.9864987864078,8.97457224182754,1.62858309797829,96.4830097087379,1588.03640776699,4.57569781553398,94.5130461165049,1738.16292475728,4.39168689320388,1262.57311893204,26.1897754854369,280.843446601942,127.171875,898.061286407767,87.1086165048544,697
"68","332410","Power boiler and heat exchanger manufacturing",41.2518203883495,59.1423948220064,684.102548543689,1053.90877831715,185.470064724919,1054.71885113269,1185.91225442237,126.121156957929,48.905633657323,18.6515574738219,87.5307443365695,81.2912621359223,32.0847491909385,80.7293689320387,57.1783980582524,10.7584951456311,309.126618122977,1.33070388349514,5.91423948220064,15.2291666666667,167.573624595469,14.7855987055016,175.266426228533
"69","332420","Metal tank (heavy gauge) manufacturing",53.1730885922329,76.2338187702264,881.354824029125,2358.66661610032,232.889765372168,1231.00353964401,1495.32157555332,162.568618527508,63.0387596629447,14.7197354826862,112.826051779935,27.4441747572815,41.3568466828478,104.059162621359,31.5876820388349,12.5785800970874,106.525384304207,1.71526092233009,7.62338187702264,19.6302083333333,109.014360841424,19.0584546925566,465.003395693164
"70","332430","Metal can, box, and other metal container (light gauge) manufacturing",2.52533373786408,3.6205501618123,41.5729672330097,21.973553802589,9737.68062297734,1593.1845671521,4678.48197453543,32.7208232200647,2.99388113018496,16.7246752729588,13.3584142394822,4.30339805825243,1.96414846278317,4.94205097087378,2.35770631067961,0.597390776699029,15.109324433657,0.0814623786407767,1.36205501618123,0.932291666666666,5.17738673139158,0.905137540453074,63.9682566934051
"71","332500","Hardware manufacturing",33.034890776699,32.784789644013,66.4238470873788,1587.3488066343,89.0651294498382,1471.25020226537,6028.32315484432,67.3360639158576,76.7835195711335,9.11696586575969,1080.56148867314,328.082524271845,3.13824838187703,25.8962378640777,349.169296116505,1.95449029126214,161.565736245955,1.13015776699029,347.578478964401,19.4895833333333,179.272249190939,190.446197411003,245
"72","332600","Spring and wire product manufacturing",1179,36,0,498,0,255,4414,132,52,88,36,54,0,2,215,96,91,0,25,8,6,218,87
"73","332710","Machine shops",38,117,15,1446,1011,6512,22441,60,583,386.690333333333,72,916,12,53,373,390,207,121,27,13,1,413,709.707935064935
"74","332720","Turned product and screw, nut, and bolt manufacturing",0,442,5,1034,360,1922,21174,5,95,250,17,226,0,32,41,0,37,1,97,1,21,198,61
"75","332800","Coating, engraving, heat treating and allied activities",0,375,17,1965,1562,7087,12109,14,699,318,141,1632,0,160,51,0,102,2,3,0,0,506,39
"76","332913","Plumbing fixture fitting and trim manufacturing",0,0,0,3878,0,359,416,0,1,0,14,231,0,9,17,0,34,20,53,18,205,26,2
"77","33291A","Valve and fittings other than plumbing",37.9082220873786,1109.34870550162,3186.05901092233,3213.64770428803,359.328681229773,1992.99403317152,13250.4696400933,131.8986144822,142.941668138586,61.6150352825877,103.436084142395,2170.56553398058,29.4841727346278,82.1859830097086,274.380764563107,12.967536407767,263.685780744336,2.2228458737864,18.4348705501618,19.9947916666666,106.718648867314,327.587176375405,792.240741172463
"78","332991","Ball and roller bearing manufacturing",0,61,0,0,0,90,6692,0,42,0,0,749,0,0,8,1,57,0,0,0,0,143,173
"79","332996","Fabricated pipe and pipe fitting manufacturing",10.707979368932,15.3519417475728,176.278671116505,3858.84875606796,45.2882281553398,85.5870752427183,2342.08837247147,33.738015776699,12.6947250157005,4.96425556682379,33.7208737864077,69.5266990291262,8.32842839805824,49.9554004854369,163.75697815534,2.53307038834951,17.4244538834951,9.34541868932039,57.5351941747573,22.953125,21.9532766990291,3.8379854368932,64.7196969738242
"80","33299A","Ammunition, arms, ordnance, and accessories manufacturing",0,0,0,0,0,0,603,0,0,0,0,0,0,0,0,0,49,0,0,8,0,140,4281.56613379493
"81","332999","Other fabricated metal manufacturing",165.221632281553,274.919902912621,447.422785194175,2878.7895934466,1705.31371359223,2956.72845873786,5000.92486463758,250.021692961165,210.375986471573,176.124885927872,274.20145631068,553.211165048544,224.839047330097,1146.17566747573,524.344963592233,271.471783980583,358.124089805825,122.200697815534,230.891990291262,150.296875,760.755461165048,121.229975728155,1208.83469396335
"82","333111","Farm machinery and equipment manufacturing",14603.3868160983,30.2437460974886,16.9643283857612,153.652203143086,139.653706959583,56.412909343951,527.224853548087,459.214043461535,84.9952364888595,48.2990771294371,329.361137737255,33.8469239170004,213.47046973752,392.131725122685,220.359435854854,21.4088206141455,489.944796680235,47.4183038243492,53.2070153937606,208.885631594663,76.6842706363422,88.5795977137181,802.063740984616
"83","333112","Lawn and garden equipment manufacturing",339.526557897872,67.7876691928384,43.6584869444352,104.021792368534,44.061984975345,101.520104576894,371.784345974377,227.281695734189,228.337265865411,63.1725457125872,586.123688652083,93.9484561670582,309.805788132508,662.117847569249,120.842903001622,24.1923917000364,160.747476586028,112.011053380547,110.235662044544,256.059850415329,169.469172982096,212.421914816163,144.100282551924
"84","333120","Construction machinery manufacturing",9.86871074105301,2218.26861522644,699.998489236993,2108.81354680486,28.884697878373,117.39814653239,987.754583163741,226.969140674095,116.566373201795,14.5917853010838,142.246173346021,499.97090347114,120.819235026541,545.223930222128,287.183296404352,34.9522244084193,344.514511550361,44.0024572477463,109.25292893721,25.7136566885913,76.4783414145866,56.1535927028437,832.89686014929
"85","333130","Mining and oil and gas field machinery manufacturing",0,7284.0923416875,369.462580682677,112.726929115543,0,185.854276908763,363.037087777693,64.5717276269116,608.658719544106,0,69.0636738966098,0,37.0585567250101,112.860150026167,87.283305227656,1.68447985113683,282.090771646217,0,0,0,1.12298656742455,0.561493283712275,29
"86","333242","Semiconductor machinery manufacturing",4.99104234527688,1.0695090739879,60.4272626803165,7.66481503024663,819.600453699395,2821.18668566776,2875.98453090409,195.541909027455,6.85065007452499,11.4879376406914,133.688634248488,648.205473476036,84.6694683573756,147.371364588181,310.132561656585,26.5987087017217,15.8643845974872,1.78251512331317,9.98208469055375,7.308312005584,93.5820439739414,54.1884597487204,9
"87","33329A","Other industrial machinery manufacturing",20.014657980456,3.64599813866915,205.998894834807,77.1296533271289,2853.04990693346,13112.5354234528,5553.56580008323,873.609993020009,23.3541332447585,21.0371344766623,520.749767333643,492.60208236389,288.641519311308,476.85010469986,575.58178222429,84.8579571893904,54.0823057235924,6.07666356444858,37.0293159609121,24.9143206142392,417.02483713355,204.730572359237,311.559394782404
"88","333314","Optical instrument and lens manufacturing",2.22154129002605,25.3255707062969,89.305959859047,64.7625248965834,19.9938716102344,149.738011337521,1193.14819633213,365.665696338287,35.6225273753661,6.58675713512875,115.96445533936,219.488279454573,271.472345641183,130.626627853531,410.100199172667,133.959552627547,122.629079209438,19.5495633522292,346.261835452735,10.663398192125,9.33047341810939,80.864102956948,307.295498618834
"89","333316","Photographic and photocopying equipment manufacturing",0.975180021449365,11.1170522445228,39.2022368622645,21.8440324804658,8.77662019304429,158.950513252643,142.149191010622,160.514631530565,15.6370611547728,3.25443068133657,50.9043971196569,98.3477861191973,119.166998621112,57.3405852612227,174.752259843726,57.9256932740923,134.829937184005,14.5815841887544,102.393902252183,4.68086410295695,4.09575609008733,106.496552780757,264.537006670811
"90","333318","Other commercial and service industry machinery manufacturing",22.2446966489984,101.359432314658,368.425796940504,1804.39157540654,399.840710316448,415.243289813449,2006.62055964802,848.939914776256,1233.66507287447,92.4385216455565,1308.19319526496,542.828527142306,739.176666575201,585.901668832649,222.667522559304,124.512667326942,1201.8855622083,811.686197469773,231.698986859326,530.173538009068,2520.25136669083,1344.97910817454,2045.50456230078
"91","333414","Heating equipment (except warm air furnaces) manufacturing",0.714067687272839,2.52850197460546,1.90076624132668,1608.17293138443,7.49332095599224,228.056217253804,896.105598620173,6.46904353572382,2.2042199146389,0.555476106255725,5.41111128593229,44.7447960098809,7.88234183488836,6.83345658228047,142.569205594978,1.21509825825637,191.945261733562,222.083405447079,14.4462923045455,3.15217835958274,17.4492188114606,2.12377865538021,97
"92","333415","Air conditioning, refrigeration, and warm air heating equipment manufacturing",14.1701501583529,38.0766474040844,175.682512421989,9735.73731813666,1310.82932333114,1296.63195560494,6769.83581045245,737.458286701267,335.885129903711,38.1993851806013,1130.77010293442,707.70318491455,160.495635505779,342.328253058963,339.439105333713,26.4442607493137,1204.56496463464,188.752003573057,767.652094062551,463.692535844581,2249.51908142203,1024.65131186425,978.004309757458
"93","333413","Industrial and commercial fan and blower and air purification equipment manufacturing",24.3166921031515,86.1050081029626,64.7282439385119,1059.99649133848,265.175779221801,1099.04344132039,1163.5100089257,251.295278254165,81.0619835447463,22.9160519194826,184.268703683308,29.3631071321805,30.047060119263,62.4360967320672,479.383592680586,9.32490520320342,540.189719464418,5.84026936450745,15.1979325644697,5.18224585804868,15.2975911386629,54.2688924902056,189.750848923291
"94","333511","Industrial mold manufacturing",12.0812962704289,31.0086604274341,14.6989104623551,45.3048610141082,30.4045956139126,356.129138147787,5030.93294641519,368.47953624808,44.8043891133231,41.5072465899876,27.9883363598269,12.0812962704289,275.050845090097,35.6398239977651,133.759882665177,6.63793825953347,6.64471294873587,0.201354937840481,0,3.42303394328818,0,82.7568794524377,21
"95","333514","Special tool, die, jig, and fixture manufacturing",16.4017320854868,42.0977790194161,19.9554407040089,61.5064953205755,41.2776924151418,512.909624249197,6973.56175937184,500.252828607347,60.8270478631793,2.04625846452005,37.9973459980444,16.4017320854868,373.412767146249,48.3851096521861,32.256739768124,7.65414163989384,9.02095264701774,0.27336220142478,0,4.64715742422126,0,112.351864785585,6
"96","333517","Machine tool manufacturing",15.5133398519346,39.8175722866321,18.8745634865204,58.1750244447548,39.0419052940354,447.457186757926,6672.75156698889,473.156865484005,57.5323789446831,24.221403619046,35.9392373236485,15.5133398519346,353.187037295711,45.7643525632071,30.5095683754714,7.23955859756948,8.53233691856403,192.258555664199,0,4.39544629138147,0,106.266377985752,553.435324159474
"97","33351B","Cutting and machine tool accessory, rolling mill, and other metalworking machinery manufacturing",4.80025143176422,2327.32064534153,5.84030590864646,18.0009428691158,52.0806327699399,388.527203520045,4281.17488384273,154.407668668809,27.8020907836668,0.598873038095994,20.1205824835871,8.80025143176422,109.285724263165,14.1607417237044,29.4404944824696,2.2401173348233,16.6401382874703,121.080004190529,1,6.36007123899986,0,59.8817223075849,6
"98","333611","Turbine and turbine generator set units manufacturing",96.4578651685393,64.8734199438202,3027.43433988764,30.3911516853932,34.482268258427,238.453651685393,768.625715066823,43.8333918539326,148.325999705262,45.1585800833948,25.1311446629213,133.253511235955,175.33356741573,68.3800912921348,19.0911165730337,31.8067064606741,191.522296348315,1.7533356741573,8.18223314606741,7.59778792134831,8.18223314606741,12.8577949438202,799.847055841977
"99","333612","Speed changer, industrial high-speed drive, and gear manufacturing",0,0,0,0,2,56,4219,422,6,0,4,117,0,19,125,1,338,0,0,0,0,335,77
"100","333613","Mechanical power transmission equipment manufacturing",0,0,0,0,2,247,3939,0,0,0,0,0,0,0,132,4,392,34,0,0,0,0,57
"101","333618","Other engine equipment manufacturing",25.6306179775281,119.401773174157,957.959796348317,11.8999297752809,13.5018433988764,101.368679775281,21538.9237367346,241.163360252809,249.078384084052,3.17060785682544,38.8403265449438,73.1766151685394,68.6534410112361,44.7748419943821,105.601913623596,11.6710849719101,95.7402563202247,0.686534410112361,7.20382724719102,4.97498244382023,6.20382724719102,1362.03458567416,491.615539912533
"102","333912","Air and gas compressor manufacturing",52.303223877779,171.040923895086,128.577638969744,812.98829397234,506.886904668251,1578.35121229762,2713.11097762917,437.599493368158,218.10481164509,37.9383422291604,444.035495696776,123.381846216782,59.6861557342229,124.024466227166,41.504004279623,14.5503563730195,63.9423824283714,5.64197492015042,37.1895149236119,10.2941296788709,98.3874789558978,170.018188397816,15.7521521180763
"103","33391A","Pump and pumping equipment manufacturing",45.8609671395463,1063.53028358793,207.446220892059,1576.57431073999,476.189751301625,1282.76311386776,3657.95365843043,475.868701396201,292.353598331222,39.1216701768687,447.815364036363,52.3267223527097,77.0228284914052,170.12608857465,52.1169459566585,15.8122777347504,147.647677239456,13.7243589587446,55.4202213954137,67.9410210054384,317.645272689364,243.660727275818,558.641543943214
"104","333920","Material handling equipment manufacturing",185.685296013319,2382.19859930299,442.075489083145,3416.74939715333,1422.96138431162,3750.03540701411,3412.50317858385,1273.86251142645,380.2590339698,191.392015931968,1009.83395666451,245.076733764187,161.34769199918,405.487168298466,178.783319497657,43.5151854826383,896.306394163469,39.253473298591,101.955915328278,31.8755964724821,85.3618052764181,379.496658940967,307.653063894756
"105","333991","Power-driven handtool manufacturing",734.838176754724,241.623707852794,44.821294271284,167.239123935994,176.697342542914,496.519187500983,408.361051333773,152.544220148843,51.9769276645496,13.0984849571915,127.597495161823,32.5627704265462,20.8061897194644,43.2340890853879,14.4222351589911,5.072155702755,22.2898815236716,1.96675425208867,10.5238604717026,3.58846389854776,14.5928693928285,26.4994257123527,383.383713327568
"106","333993","Packaging machinery manufacturing",32.6705162295263,115.685762386519,86.965165127366,99.417452050915,1232.83957707255,1135.37854209607,1003.62711966494,295.976131661343,100.848986417081,25.5355488860627,247.572887329484,34.0764195918624,40.3695108327958,83.8855672860582,26.0426860927986,9.8413235363532,43.248265336627,3.81602341205532,20.4190726434539,6.96256903252199,20.5529682017716,51.4158943940086,0.590169758812616
"107","333994","Industrial process furnace and oven manufacturing",9.38269584782165,33.2239721824505,24.975659644099,33.5518510942934,98.4606258948662,276.674166496217,603.763887245723,85.0018408672532,28.9629756525671,7.29883657897311,71.1008386173043,9.78645939865005,11.5937819595009,24.0912251994273,7.4792391082021,2.82634485579874,12.4205358969115,1.09592963796278,5.86418490488853,1.99959091838822,5.902638576396,14.7662098588669,61.4248201969924
"108","33399A","Other general purpose machinery manufacturing",154.060669949809,759.821388674733,274.40739808361,1553.97150589235,930.095677895432,2833.70705036424,4325.50656532013,798.779143131362,276.830088182727,68.6237707197058,669.31220793933,96.8501659927309,122.81267208962,285.106597227685,80.1959028903189,38.5264723004547,149.572116367985,10.2857749736457,77.0379187186305,18.7670280220904,64.3988231036707,492.587283855437,240.092900454607
"109","33399B","Fluid power process machinery",3.04054628129081,10.7665245370298,8.0935852856491,12.2524820240099,31.9070440706767,426.658731532325,9231.8367425117,31.5456047327596,17.3857106042689,7.36525309760503,24.0408609594537,3.17138946142832,3.75706845823434,7.80697641487169,6.42371414635681,0.9159022609626,4.02498544613496,0.355145774658967,1.90034142580676,8.64798527306198,1.91280268105795,56.7851220164577,332.205339700456
"110","334111","Electronic computer manufacturing",416.602510234863,849.10525748761,192.00872656755,5108.71218487395,38.828431372549,442.473443223443,3476.39603552104,1013.80607627666,164.423689483315,77.946472981671,115.20523594053,128.0058177117,669.043740573152,1682.42313079078,117.041047188106,169.934012066365,601.62734324499,277.560116354234,4.26686059039,12.80058177117,3.413488472312,61.869478560655,3539.10050207554
"111","334112","Computer storage device manufacturing",74.2095130359836,180.755117431588,40.8742727860375,1087.5281512605,8.2656862745098,95.1924908424908,2141.17482579164,215.816160310278,37.0020483785842,7.86694601917487,26.5245636716225,54.2495151906916,169.424132730015,358.149461322991,244.904912734325,19.1791101055807,138.072721396251,2.54499030381383,5.90831717302306,2.72495151906917,0.726653738418444,14.1705990088343,1898.88198111203
"112","334118","Computer terminals and other computer peripheral equipment manufacturing",104.851208279218,327.151856882355,149.852476463526,1679.25240521607,145.974130647697,688.607696253685,7307.21195118708,451.499902373259,439.162119506812,103.136244338659,1237.44042147499,1651.57591837191,1416.36271833085,977.299912244708,4146.76946470978,1562.57617448186,1370.14720089687,263.610159084075,661.558879418379,132.42190224041,136.061995553105,277.112340388578,2701.06759040584
"113","334210","Telephone apparatus manufacturing",16.3022153538818,69.6919706378449,82.0544839478719,229.611328364257,69.8278224324605,265.726110268274,1114.46489195451,572.887017894331,174.599955410898,194.119646145562,850.432234294169,8201.211377364,1883.90478972513,522.89355747576,1751.61674660536,6304.98982312976,371.826361863122,169.165270488019,484.178340227849,69.8278224324606,146.31238280109,206.728654485833,4075.60497057582
"114","334220","Broadcast and wireless communications equipment",32.9934133034309,148.046841872167,167.066846960602,725.699198100317,141.321786983029,571.792636845923,20037.2790190365,1521.44353250473,379.36599146696,452.786470535576,1793.15639399564,4523.29496904535,3409.98660987721,1189.26373170755,3068.46233144558,638.801419108016,969.524768429086,312.889731726393,1007.45402033489,146.321786983029,297.115884398292,852.342282068919,11041.0528356253
"115","334290","Other communications equipment manufacturing",0.8786031303299,8.75602838216032,5.4223024226605,1700.11125769155,4.76335007491307,25.3212310243774,70.1521967849522,30.8755783383432,94.4100135502717,8.88354033980102,64.8337966322098,694.696832920291,119.489978609726,76.1811954053316,153.054672408432,593.149760183937,363.039473064274,58.0392186425186,81.8070729248137,13.7633500749131,7.88546309471086,24.033790978393,194.38264835083
"116","334413","Semiconductor and related device manufacturing",0,0,0,0,1391,3961,39623,2361,1,0,602,5515,0,3,384,0,36,69,37,0,0,671,0
"117","334418","Printed circuit assembly (electronic assembly) manufacturing",0,0,0,0,464,2357,12996,925,0,0.484095238095238,330,181,1,2,304,0,44,5,4,0,0,364,17.3606790352505
"118","33441A","Other electronic component manufacturing",0,4,0,127,357,863,24221,355,8,0.484095238095238,176,1889,117,0,1595,0,76,97,37,0,0,658,957.882751040819
"119","334510","Electromedical and electrotherapeutic apparatus manufacturing",23.9978980266342,104.090882690526,202.482264599726,197.582868917069,60.8946662425844,312.272648071578,1233.67791593481,551.951654612588,1021.90251874364,81.1856679930078,506.655622087315,9304.58501237676,1319.58441773955,1052.90777591858,981.214055564007,195.882842642402,466.759116618036,235.479374386348,6977.34605119412,88.7922226985467,85.1925379945516,226.980556746367,315.633948841559
"120","334511","Search, detection, and navigation instruments manufacturing",18.6488253612492,82.3386244448307,85.7540599809852,461.316276641828,80.4131478190119,280.699968766526,5084.0951732816,608.483482472519,672.087362047806,311.116663324207,917.718100003278,1178.11783954592,1957.25931420656,814.310364926095,1448.23714663229,277.001182779802,400.389056385104,154.629616385465,440.583644466901,75.3289955466658,153.755888314847,212.191111944627,19587.8086979223
"121","334512","Automatic environmental control manufacturing",0,0,0,1679,0,0,1257,0,0,0,0,3,0,0,278,0,55,0,18,0,1,155,58
"122","334513","Industrial process variable instruments manufacturing",508.201660006148,118.436827543806,306.336919766369,85.0620965262834,77.9529664924684,1946.8481401783,2104.82820244152,93.1358745773132,63.4230851447681,8.21742249652998,147.005994466646,152.761143559791,26.6254226867507,82.4514294497387,964.491546264986,34.239010144482,198.457270212112,178.516600061482,166.970796188134,10.3363049492776,6.89086996618506,153.41023670458,205.79770208108
"123","334514","Totalizing fluid meter and counting device manufacturing",192.890562557639,65.7202582231786,130.158622809714,44.8321549339072,30.4340608668921,909.826314171534,2518.51900006536,59.5238241623117,26.9477602009867,2.96570429332625,62.9936981248079,48.6357208730403,9.67583768828774,18.2946510913003,387.483246234245,15.9282201045189,217.724408238549,69.405625576391,150.851214263757,3.90285889947741,35.6019059329849,52.1584691054411,762.848647342175
"124","334515","Electricity and signal testing instruments manufacturing",0.939000887148583,0.402428951635107,0.939000887148583,1.34142983878369,6.84129217779682,9.39000887148583,4890.20869290338,74.8517850041299,2.01214475817554,1.57330952380952,4.82914741962128,3.35357459695923,31.7918871791735,38.4990363730919,144.74027960476,6.97543516167519,27.633454678944,157.88629202484,2021.26648107926,0.804857903270214,0.536571935513476,16.9020159686745,424.301851693462
"125","334516","Analytical laboratory instrument manufacturing",808.007992622194,188.306947433139,480.696280356594,112.984168459883,123.940209037811,1177.23178604365,2101.84890859279,136.950507224101,100.838631092056,12.6089374454108,71.5566400245927,61.6277282508454,40.74277589917,77.0346603135567,2210.6444820166,54.4378266215801,82.5257454657239,363.829926221949,863.544574239164,16.4340608668921,10.9560405779281,156.465954503535,102.483210878773
"126","334517","Irradiation apparatus manufacturing",151.093596007849,53.8704708395938,125.538659599349,273.540074601996,34.0138947361942,269.038402989117,1198.88753650903,129.391872029282,211.86257682864,16.7890994847707,108.951249373874,1773.69534522042,257.351333045385,240.418429240318,443.07641875986,46.9783910322661,94.3148628875541,96.0836237074365,1627.34992281245,19.8000709837293,18.1246574663515,70.4267068168395,88.2407455237919
"127","33451A","Watch, clock, and other measuring and controlling device manufacturing",333.705248287623,354.870986926583,201.264232329586,97.2034990584152,67.706676367115,559.738581070213,2261.16565360719,81.7249477258675,48.2973428420053,6.37140219649911,41.5399955963194,30.9346409707165,18.6873202326629,41.7061176616233,652.136594072292,150.792384195111,19.4623516193429,116.491708689292,118.198580671619,7.07772016164317,5.50375946330124,93.651728554452,648.613755721005
"128","334300","Audio and video equipment manufacturing",10.695890617491,45.7249323897741,53.8359827747048,124.091874522959,45.8140648115866,179.343017065104,3612.06516008863,380.871422782997,129.555107042497,32.1568592607547,619.968960545782,745.907776825005,1080.25445002497,606.296380611417,988.696455999171,165.081829575116,351.955438500608,187.867399150043,277.647493945705,45.8140648115866,96.9956182919819,137.322559671325,1827.41270398148
"129","334610","Manufacturing and reproducing magnetic and optical media",3.19274809160305,30.0118320610687,1089.45687022901,30.8259541984733,32.2011450381679,103.400381679389,1535.32605306047,85.0652671755725,42.839324891123,30.3515148035334,75.4026717557252,1587.57595419847,238.328625954198,42.8450381679389,1731.47328244275,8.57480916030534,672.567938931298,31.368320610687,179.662595419847,4.45610687022901,448.925954198473,134.142748091603,379
"130","335110","Electric lamp bulb and part manufacturing",7,0,0,24,39,17,926,125,0,50,3,1,2,5,35,27,97,48,34,4,9,21,1361
"131","335120","Lighting fixture manufacturing",159.552480916031,144.593320610687,2236.89370229007,8315.15954198473,66.0864503816793,491.528816793893,1379.32606287097,53.1276717557251,59.0823801635809,4.8260167829839,86.4017175572519,378.784541984733,130.511259541985,242.100381679389,589.232824427481,70.5980916030534,570.479389312977,86.8082061068702,614.725954198473,101.93606870229,337.109541984733,46.0774809160305,1792.98569608569
"132","335210","Small electrical appliance manufacturing",1.6631679389313,15.6337786259542,567.520419847329,1351.01603053435,16.7742366412214,294.09141221374,133.232609230247,9.93148854961833,13.9811545980955,6.91307131975258,418.939885496183,123.141030534351,8.50591603053436,12.086641221374,2.85114503816794,4.46679389312978,3.42137404580153,343.712786259542,12.9916030534351,3.23759541984733,8.56603053435115,82.8881679389313,355.966176920045
"133","335221","Household cooking appliance manufacturing",0.140267175572519,1.31851145038168,47.8631679389313,1.26641221374046,1.41469465648855,241.971564885496,333.646123670021,0.837595419847328,1.17913352032131,0.103309227770298,128.500954198473,3.89141221374046,0.71736641221374,795.973890464579,0.240458015267176,0.376717557251908,0.288549618320611,0.0601145038167939,0.336641221374046,0.0200381679389313,0.216412213740458,364.665267175573,302.419377873149
"134","335222","Household refrigerator and home freezer manufacturing",0.888358778625955,8.35057251908398,303.133396946565,8.02061068702291,8.95973282442749,523.153244274809,644.425449910132,5.30477099236642,7.46784562870161,0.654291775878552,3.17270992366412,24.6456106870229,4.54332061068703,1671.89208348525,1.52290076335878,2.38587786259542,1.82748091603054,0.380725190839695,2.13206106870229,0.126908396946565,1.3706106870229,124.213358778626,499.809440448822
"135","335224","Household laundry equipment manufacturing",1.55629770992366,14.6291984732824,531.053244274809,14.0511450381679,15.6963740458015,44.0654580152671,203.121276910231,9.29332061068702,13.0827671540411,1.14624047954663,16.5582061068702,43.1761450381679,7.95935114503816,3.82404580152671,2.66793893129771,4.17977099236641,3.20152671755725,0.666984732824427,3.73511450381679,0.222328244274809,2.40114503816794,294.381297709924,13.4334043405817
"136","335228","Other major household appliance manufacturing",0.287213740458015,2.69980916030534,98.0055343511451,2466.59312977099,2.89675572519084,223.132251908397,549.799205610042,1.71507633587786,2.41441625589601,0.211537942577276,2.02576335877863,7.96812977099237,1.46889312977099,342.171071725493,0.492366412213741,0.771374045801527,0.590839694656489,0.123091603053435,0.689312977099237,0.041030534351145,2.44312977099237,13.362213740458,0
"137","335311","Power, distribution, and specialty transformer manufacturing",1.35464529352382,0.580562268653064,1.35464529352382,165.935207562177,28.8695585671021,507.546452935238,1480.99069357053,135.98458196947,4.90281134326532,29.5061657994323,8.96674722383677,6.8380189054422,45.8644192235921,55.5404570344765,286.808895958885,13.0630793233198,182.865275780844,331.773930068219,2916.97075468812,3.16112453730613,0.774083024870752,26.3836152834287,338.540627123792
"138","335312","Motor and generator manufacturing",54.6422037994432,27.2752301997614,19.6422037994432,527.917433999205,4.67891339594359,6.42203799443238,10593.6549304486,55.1928171556181,48.3761509988069,42.2006209882072,39.3027623971367,68.2935849980115,21.7431857811496,26.3303557771727,417.991128514179,7.77065679586405,100.899140383615,107.981981706384,1382.38955000153,5.55046039952278,2.36697359968185,1171.55966838998,1069.83040404706
"139","335313","Switchgear and switchboard apparatus manufacturing",1.01759001498975,0.436110006424179,1.01759001498975,2707.45370002141,7.41387010921104,295.175900149897,1100.32718555915,81.1164611948973,11.1805500321209,28.6826428571428,25.2333200770901,667.634250053535,34.4526905075101,63.7211906145798,823.854232310563,8.55924011135244,708.946220441127,173.10049252042,2218.43519226651,10.8722200128484,143.581480008566,47.3166202698155,584.69918270466
"140","335314","Relay and industrial control manufacturing",0.255468200312032,0.109486371562299,1.25546820031203,7.36495457187433,548.861268316559,1296.55468200312,6582.38790664395,60.3644651105877,7.5474318578115,351.755079365079,2.31383645874759,23.9123864296858,8.64942335342164,10.4741962127933,82.3785983052403,2.89776377374652,59.5180641806112,46.9551531096088,570.913548900242,0.218972743124599,0.145981828749732,71.5984276056166,1471.19666886929
"141","335911","Storage battery manufacturing",459.043893129771,78.2125954198473,697.434732824428,137.453435114504,20.6141221374046,165.871374045802,1404.1292306203,95.2049618320611,34.181659867539,3.50536303322434,300.299618320611,67.7034351145038,218.453053435114,159.02213740458,510.503816793893,39.4893129770992,423.204580152672,2.87595419847328,177.90534351145,21.2919847328244,26.1534351145038,467.693893129771,232
"142","335912","Primary battery manufacturing",0,0,0,0,1,0,433,13,2,0,2,16,0,0,0,0,0,0,7,0,0,5,34
"143","335920","Communication and energy wire and cable manufacturing",0.341490534568378,1.45987203527981,4.71883569066083,4442.92998690199,1.46271778973455,236.566295713465,9037.71938665258,47.0005465356237,51.6574312640696,13.8552043779505,48.8144228866504,2131.59130442977,34.3937883399451,49.9533088962807,1953.1718289155,6.11097500070672,203.788829942614,4.12463839130066,58.8645251265041,20.4627177897346,324.064877547751,69.2885519632879,158.469774644376
"144","335930","Wiring device manufacturing",0.38740458015267,6.6416030534351,132.193511450381,6452.49770992366,3.90725190839693,213.969083969465,5736.40357966006,8.31335877862595,4.25665448469693,0.285330248127488,35.3835877862595,224.747709923664,1.98129770992366,72.9519083969466,8.66412213740458,1.04045801526717,6.79694656488549,60.1660305343512,58.9297709923664,23.0553435114504,40.5977099236641,65.8374045801527,245
"145","335991","Carbon and graphite product manufacturing",0,0,0,0,0,199,1384,0,29,0,1,0,0,1,423,1,165,0,0,0,0,0,48
"146","335999","All other miscellaneous electrical equipment and component manufacturing",10.3910494729534,86.848345084919,3135.10478993097,925.643974710544,104.421866443623,273.111830607397,2386.31509974702,165.048865184241,235.791362046869,12.0665076134415,40.0074310953635,287.105165783994,87.832238807835,72.0492497651358,205.777619359315,33.6314929223104,60.4101538463695,206.865861598984,2619.95712438225,2.34649933014328,14.8594982811642,148.283165322322,766.157002054718
"147","336111","Automobile manufacturing",579.629677184907,253.23626673127,360.962170674096,1831.34036702804,182.490896977772,730.767512567379,1181.76824010859,1085.29828599116,635.908333557882,67.718637647,656.002519532433,637.512252437769,12886.9122403246,6582.53508570044,650.375046938404,107.725903942826,333.628732360245,93.2552601296105,386.687759675368,55.4708012839925,209.824335291624,348.90330082975,5323.70054485572
"148","336112","Light truck and utility vehicle manufacturing",1420.53956087523,384.106420736657,209.342672128981,5488.70318488172,130.839170080613,637.373671392701,719.316714514479,3590.60065321225,1263.43151450261,152.060028296011,1587.8267854783,376.629896732051,15138.0919783269,12109.1651909607,961.667900092506,177.567445109404,947.538522532047,111.213294568521,460.740791783873,70.0924125431856,171.025486605373,756.998055466404,119.697269539973
"149","336120","Heavy duty truck manufacturing",441.3521875,296.3121875,154.105,1713.8515625,103.6809375,264.5846875,3707.43392961963,894.6021875,7741.3619139009,347.655467051478,604.3890625,135.975,1478.728125,2422.0546875,98.581875,27.195,656.079375,10.7646875,55.523125,60.055625,39.659375,157.0121875,4682.02933931534
"150","336211","Motor vehicle body manufacturing",85.7170486111109,57.5481597222221,29.9294444444444,332.855034722222,20.1363541666666,51.3862152777777,3926.86107268276,173.744826388889,1503.48568395857,78.4819350890505,126.186979166666,26.4083333333333,287.190624999999,470.398437499999,19.1460416666666,5.28166666666666,136.420208333333,2.09065972222222,10.7834027777778,11.6636805555555,7.70243055555554,85.3370486111111,82.9186734693877
"151","336212","Truck trailer manufacturing",181.387986111111,121.779097222222,63.3344444444444,704.362847222222,42.6110416666666,108.739652777778,319.280010542946,367.665763888889,3181.5635836624,139.470416337595,247.982291666666,55.8833333333333,607.731249999999,995.421874999999,40.5154166666666,11.1766666666667,269.637083333333,4.42409722222222,22.8190277777778,24.6818055555555,16.2993055555555,47.2679861111111,142.908059190809
"152","336213","Motor home manufacturing",10.9075354932654,2.90498725882781,1.87095012741172,4.45777211503458,1.88824171823808,4.35056425191117,19.4182752324472,9.69712413542045,9.69950554969672,2.70202339096581,21.1752821259556,3.89752457226064,13.2764834364761,13.6326902074991,4.36439752457225,0.95103749544958,5.47451765562431,4.80014561339643,4.72406261376046,10.9732435384055,7.26246814706952,4.26064797961412,0
"153","336214","Travel trailer and camper manufacturing",45.2480060892874,12.0508323129364,7.7613098586888,18.4922891087798,7.83304100340866,18.0475560115166,449.960022136515,40.2268259588972,40.2367048401294,11.2088721529538,87.84195982394,16.1682000198563,55.0751729159081,56.5528344971372,21.1049409272925,4.94521295959227,675.710080418307,19.912565774233,19.5969487374656,119.520584439223,30.127080782341,17.6745540589734,588
"154","336310","Motor vehicle gasoline engine and engine parts manufacturing",58,146,0,39,72,97,25306,638,903,269,2597,190,0,54,123,1,805,2,84,3,36,2700,351
"155","336320","Motor vehicle electrical and electronic equipment manufacturing",465,106,0,175,44,148,11013,884,58,389,2617,520,0,48,434,120,913,204,379,13,29,2714,2276
"156","336350","Motor vehicle transmission and power train parts manufacturing",18,306,0,58,195,195,31836,773,222,880,851,361,0,86,434,86,810,91,436,21,32,997,2821
"157","336360","Motor vehicle seating and interior trim manufacturing",8.85812510481301,4.87905416736543,0.563910783162838,2.3291967130639,3.92285762200235,4.21183967801443,20939.9396259053,8.45866174744257,271.867904074626,15.4791133622672,5.04021465705182,8.26251886634245,123.006104309911,133.590944155627,6.25205433506625,11.8666443065571,8.01734026496731,0.441321482475265,9.13305383196378,1.56914304880094,1.39751802783834,23.5884286433003,12.5901697588126
"158","336370","Motor vehicle metal stamping",0,0,0,0,0,0,26592,0,0,0,5,0,0,0,133,2,0,0,0,0,0,144,17
"159","336390","Other Motor Vehicle Parts Manufacturing",304,353,19,93,1559,3344,34644,821,1390,672,1631,259,54,116,546,283,1488,118,303,25,223,1363,1718
"160","3363A0","Motor vehicle steering, suspension component (except spring), and brake systems manufacturing",10,330,0,903,114,163,14143,400,1115,394,681,500,0,70,223,1,690,6,212,8,187,4853,596
"161","336411","Aircraft manufacturing",30.1787690759685,171.587858460507,19.8317625356364,81.9138017776287,137.960087204427,112.954821398625,4892.91505167488,297.476438034547,8303.71830088984,589.932110719852,106.919067583431,290.578433674325,4325.91098440382,4487.151836324,219.873888982056,417.329263793393,281.955928224048,15.5205098104981,75.0157974174074,55.1840348817709,49.1482810665772,20.6940130806641,25071.9216161538
"162","336412","Aircraft engine and engine parts manufacturing",0.574039912795573,3.26382693275197,0.377226228408519,1.55810833473084,2.62418245849405,2.148549387892,22316.014332514,10.6583934261278,161.431470714763,8.26690258726608,2.03374140533289,5.52718430320309,82.284521214154,85.3515344625189,37.1822907932249,7.9381519369445,5.36317289954721,0.29522052658058,1.42689921180614,1.04967298339762,0.934865000838505,0.393627368774107,1287.26798574786
"163","336413","Other aircraft parts and auxiliary equipment manufacturing",0,0,0,0,0,0,13902,0,816,195,0,0,0,0,0,0,0,0,0,0,0,0,870
"164","336414","Guided missile and space vehicle manufacturing",0.132299313061259,0.565579563336881,0.665906542408336,1.52254459447999,0.566682057612392,2.15647880289852,4918.54029217997,4.64921835982774,1.41695184733821,204.201848968247,6.90161416469567,9.13967754398196,13.3247458138198,4.24350046643988,17.301668818258,1.98007971881684,3.01752683207221,1.21053871451052,3.43426966821518,0.566682057612392,1.1873863347248,1.66145887319431,6613.3572859162
"165","33641A","Propulsion units and parts for space vehicles and guided missiles",0,0,0,0,0,0,2155,0,0,170.885619047619,0,0,0,0,44,0,0,0,0,0,0,0,1767.31969944341
"166","336500","Railroad rolling stock manufacturing",0,71.4452296819788,0,0,0,1.77782685512367,2294.88891342756,40.3343639575972,3113.07481533149,718.766655505749,0,2,2194.72725265018,1344.0371024735,0,56.0015459363957,0,0,0,0,0,0,838.440803482593
"167","336611","Ship building and repairing",139.230288705048,935.873881478981,28.4278237379706,31.4202262367044,0,0,15.2291068715178,17.2063143677191,2707.52735522698,162.080320858177,2.24430187405031,0.748100624683438,242.384602397434,98.0011818335304,9.72530812088469,17.9544149924025,2.24430187405031,1.49620124936688,0,43.3898362316394,5.23670437278407,11.969609994935,11013.4653334045
"168","336612","Boat building",17.8848556474759,157.56305926051,4.78608813101468,5.2898868816478,0,0,303.385446564241,2.89684281614046,240.842565334986,69.2457435336318,0.377849062974843,0.125949687658281,40.807698801283,16.4994090832348,1.63734593955765,3.02279250379874,0.377849062974843,0.251899375316562,0,7.3050818841803,0.881647813607967,2.0151950025325,520.300220846948
"169","336991","Motorcycle, bicycle, and parts manufacturing",3.34010656253104,0.889565476387468,0.572922527054309,1.36505940364696,0.578217559651854,1.33223020154218,736.721385717113,2.96945428070293,2.97018351761049,0.827413861348385,22.4842969189529,1.19350034748652,4.06552602839463,4.17460369990405,1.33646622762022,0.291226792864945,2.67640732038257,1.46990104907834,178.446602905649,3.36022768640171,2.22391369096867,102.304696032035,215.988547444794
"170","336992","Military armored vehicle, tank, and tank component manufacturing",0,0,0,0,0,0,3402,0,0,0,0,0,0,0,156,16,0,0,0,0,0,0,4469.30644495923
"171","336999","All other transportation equipment manufacturing",45.5611410795248,12.1342290763478,7.81502134560016,31.6202634278717,7.88724889962604,88.1724525929112,972.402652047495,40.5052122977132,79.5151595449055,13.2864422024553,88.449862660092,16.2800906774332,55.4563159810703,56.9442035940034,22.230234636132,3.97251547142337,71.8672436045935,20.0503689975841,19.7325677598703,63.8356057848231,30.3355726908694,17.7968693119767,797.530513124038
"172","337110","Wood kitchen cabinet and countertop manufacturing",2.05947136563876,5.59691629955946,6.15418502202642,10282.2334801762,9.01321585903082,791.196035242291,1299.91885394014,106.044052863436,14.2146396661326,3.78756297703916,481.337004405286,529.581497797357,117.462555066079,3149.66960352423,64.328193832599,27.5726872246696,23.647577092511,11.7753303964758,226.52422907489,55.6850220264317,366.118942731277,80.8348017621145,1707
"173","337121","Upholstered household furniture manufacturing",1.35330875311243,3.67781555257613,4.0440049798889,10.6672572304156,5.92271595479792,37.9568808657345,68.9170334685687,34.1989082551235,9.34064760669781,2.48886302344964,154.643387282129,29.295154185022,77.1863627657535,135.345029076313,35.0427360658877,18.1184160122581,15.5391687416203,7.73774181191341,25.3148343229266,7.02128423673624,53.3044435931813,23.5475723041562,0.75084892329108
"174","337122","Nonupholstered wood household furniture manufacturing",1.70333748324076,4.62907010151312,5.08997318521356,13.4263072208389,7.45460639724191,210.049487646045,66.3617398694618,43.0443401647194,11.7565745064753,3.838571245722,194.641376173147,36.8722466960352,97.1503543382494,191.295320724653,44.1064211836813,22.8046830109174,19.5583221605057,9.73908255123539,31.8624305688565,8.83731564834323,67.0914575751772,29.6380722083892,7.94775046615341
"175","337127","Institutional furniture manufacturing",15.7940696120498,43.4370240812242,48.9265847061044,471.579411304879,68.5383921332982,140.871549163803,340.091584236538,398.404498414821,120.340958225572,29.3870235715115,1775.21913024033,458.128051627742,900.169213377249,552.515013120661,441.734024626507,213.795504276639,183.882878193021,91.6050667231901,539.178154251216,159.470821881765,610.721581914964,291.22911609112,322.195868617775
"176","33712N","Other household nonupholstered furniture",0.657321394368894,1.78636755410841,1.96423099023176,5.18123922620187,2.87674774947328,6.80762784907106,397.102559113305,16.6108982953457,4.53688598039609,1.20887632567554,75.1125023941773,14.2290748898678,37.4905190576518,67.0979090357125,17.0207575177169,8.80037349166826,7.54759624592989,3.75833173721509,12.2957766711358,3.41033805784332,25.8907297452595,11.4373922620188,0
"177","337215","Showcase, partition, shelving, and locker manufacturing",13.8282821033616,37.3267934325469,43.983464892992,907.753320487681,60.4900198445537,177.010542942089,3070.64901183516,490.061438445778,94.3148465257409,25.4860255696674,2036.01519613039,295.168021042728,777.588594693048,478.737323993099,506.062950477256,183.53867886504,156.834711302501,77.9423031730523,257.003896543025,485.792558497734,537.296909992569,275.246190313701,160.335886528673
"178","33721A","Office furniture and custom architectural woodwork and millwork manufacturing",25.334346868416,68.8498132541659,75.7049894656197,5388.69426355104,110.875023941774,223.836405860946,521.454360376261,640.213847921855,174.859732414709,47.8025024244482,2895.97071921088,548.4140969163,1444.9519249186,881.635271020878,656.010558322161,339.182196897147,290.897912277342,144.852853859414,473.901312009194,131.440552576135,997.875215475964,440.817635510439,905.423456833789
"179","337900","Other furniture related product manufacturing",9.04522601034285,5.55820245163761,6.11161654855391,121.121193257997,8.95087148055927,18.0701733384409,565.65656937731,51.6840643554874,23.1163170597463,3.76136441889759,233.709179276001,44.2731277533039,116.650067036966,131.795549084049,52.9593229266424,27.3819670561195,23.4840068952308,11.6938804826661,38.2577571346485,13.6111137713082,80.5578433250335,35.5869325799655,22.5254676987324
"180","339112","Surgical and medical instrument manufacturing",19.7087660586617,85.486772779445,166.292713619958,160.626443378093,50.010993873854,256.460318338335,1201.23340735657,453.301619349219,839.258407312281,50.4584205567126,416.101323413495,7641.5813200946,1083.73577365066,864.722110823781,907.842172223529,160.872802953826,383.33549984097,193.392266950618,16729.9989351846,72.9224344170482,69.966119508249,182.306086042621,475.975290863457
"181","339113","Surgical appliance and supplies manufacturing",6.07691563066115,26.3586215479927,51.2739756337035,56.5268623898884,15.4201734128027,422.075864643978,2217.89829394385,139.769059505206,258.773305156686,22.1791405172299,131.298881252334,2356.17211289809,334.15439824098,266.624673295258,470.469887848658,59.6028238352716,1854.19600901636,67.6297346258626,12365.4951530154,22.4845878334463,21.5730504888471,56.2114695836157,3480.52805473035
"182","339114","Dental equipment and supplies manufacturing",1.83535463886162,7.96085074606226,15.4858047653949,14.9581403067222,4.65721239611135,23.8825522381868,514.822914555405,42.2131566938172,78.1549086573715,11.2698594802249,38.7489248129659,711.61287735262,100.921563204403,80.5261847800534,75.0430627964543,14.9810822397079,35.6976477258584,18.0094173938296,2803.68477313899,6.79081216378798,6.51550896795874,16.97703040947,108.900150448432
"183","339115","Ophthalmic goods manufacturing",0,0,0,0,0,20,13,0,0,0,0,0,0,2,0,0,0,0,0,1,0,2,0
"184","339116","Dental laboratories",0,0,0,0,0,0,31,0,0,0,0,0,0,0,0,0,0,0,4431,0,0,0,0
"185","339910","Jewelry and silverware manufacturing",0,0,0,0,0,6,1097,115,0,0,163,0,0,0,0,0,0,1,1,2,219,0,25
"186","339920","Sporting and athletic goods manufacturing",92.7401462752755,24.6993414303207,15.9075520402422,117.901727504385,16.0545719297084,36.9902041896945,863.092225301716,86.4487540126419,82.4690017311536,23.094686803525,197.040556640302,36.1382830856802,121.881871132144,115.910480855148,44.1078201012675,8.0860939206407,54.5464970049972,122.812721315816,69.1658338021643,180.298821855247,83.7483535758017,36.2257007644703,468.263379118692
"187","339930","Doll, toy, and game manufacturing",0,0,0,0,0,0,5,33,0,0,0,0,0,0,0,0,0,32,1948,181,0,0,1410
"188","339940","Office supplies (except paper) manufacturing",0.104924986218775,0.284560309654491,0.420696785345247,96.8412933158751,0.459455357981583,5.95043336135182,211.956261260461,14.8181783286124,170.729110488054,36.3173373108915,60.05299891737,57.3081155074898,60.3558613731659,33.7790055349721,476.766878383981,5.4125080887903,23.2820350951981,91.6195809461998,86.9955785491468,22.5564453128063,246.105525883345,19.8254672806798,986.022688266395
"189","339950","Sign manufacturing",436.875500546051,116.352384419367,74.9364761558064,546.545504186385,75.6290498725884,174.251547142337,950.542497468018,428.395340371315,388.490722279959,108.465195015099,849.12577357117,156.10611576265,658.758099745177,546.025118310885,174.805606115763,38.091554423007,219.268838733164,192.258463778668,192.211139424827,439.507280669822,290.880961048417,170.650163815071,1.18033951762523
"190","339990","All other miscellaneous manufacturing",484.975642850052,146.670748254294,62.26056524473,455.343564880697,549.835986365291,1073.77595393322,6463.08183847689,911.696164410763,332.775411952828,258.916615713719,1222.66070423934,252.699920574511,635.808336366947,628.662011450509,752.236290829666,36.6481616308701,933.1783267697,345.73690306781,532.20505013734,795.162243108185,486.676870635735,2044.7837641063,653.391152234974
"191","311111","Dog and cat food manufacturing",0,0,0,0,31,0,0,0,0,0,0,0,0,0,132,0,0,0,0,0,0,0,8
"192","311119","Other animal food manufacturing",20376,0,0,0,520,0,0,233,0,0,2,0,0,0,164,3,0,14,0,0,198,0,95
"193","311210","Flour milling and malt manufacturing",191,0,0,0,7799,0,0,0,2,0,1006,0,0,0,0,0,0,9,64,4,24,7,54
"194","311221","Wet corn milling",3,0,0,0,5770,2163,0,0,0,0,224,83,0,0,17,0,0,15,48,10,187,0,111
"195","311225","Fats and oils refining and blending",0,0,0,0,6861,1237,0,1,0,0,239,0,0,0,0,0,0,16,14,0,87,1,95
"196","311224","Soybean and other oilseed processing",1147,0,0,0,15476,898,0,762,0,0,21,0,0,0,0,0,0,30,0,0,741,0,238
"197","311230","Breakfast cereal manufacturing",0,0,0,0,19,0,0,0,0,0,0,0,0,0,0,0,0,5,13,0,4,0,140
"198","311300","Sugar and confectionery product manufacturing",39,0,0,0,9067,0,0,0,3,0,40,4,0,0,3,0,0,135,96,15,317,6,549
"199","311410","Frozen food manufacturing",0,0,0,0,3452,0,0,19,5,0,10,0,0,0,3,0,0,125,353,28,700,83,654
"200","311420","Fruit and vegetable canning, pickling, and drying",0,0,0,0,4927,0,0,0,7,0,2,0,0,0,3,0,0,304,709,30,1410,95,3865
"201","311513","Cheese manufacturing",0,0,0,0,10104,0,0,0,21,0,977,0,0,0,4,0,0,286,1160,671,3484,56,1336
"202","311514","Dry, condensed, and evaporated dairy product manufacturing",21,0,0,0,3592,371,0,78,1,0,9,0,0,0,1,0,0,191,98,3,531,11,1294
"203","31151A","Fluid milk and butter manufacturing",0,0,0,0,6559,0,0,0,0,0,6,0,0,0,2,0,0,405,286,10,635,123,3318
"204","311520","Ice cream and frozen dessert manufacturing",0,0,0,0,749,0,0,0,8,0,258,0,0,0,5,0,0,212,1238,46,1397,32,2138
"205","311615","Poultry processing",0,0,0,0,10408,0,0,84,12,0,2,0,0,0,6,0,0,77,2498,103,3358,20,1706
"206","31161A","Animal (except poultry) slaughtering, rendering, and processing",106,0,0,0,24516,1262,14,114,20,0,382,0,0,0,72,3,0,1205,4573,584,5565,185,10936
"207","311700","Seafood product preparation and packaging",0,0,0,0,1050,0,0,0,12,0,40,0,0,0,8,0,0,395,1119,178,2471,22,2102
"208","311810","Bread and bakery product manufacturing",0,0,0,0,13,0,0,0,34,0,227,0,0,0,0,0,0,755,554,214,2452,137,2502
"209","3118A0","Cookie, cracker, pasta, and tortilla manufacturing",0,0,0,0,728,0,0,0,1,0,253,0,0,0,5,0,0,91,342,11,717,11,324
"210","311910","Snack food manufacturing",0,0,0,0,683,0,0,0,4,0,148,0,0,0,7,2,0,51,28,109,1092,13,233
"211","311920","Coffee and tea manufacturing",0,0,0,0,490,0,0,0,39,0,75,0,0,0,0,0,0,88,356,83,324,51,1459
"212","311930","Flavoring syrup and concentrate manufacturing",0,0,0,0,11530,0,0,0,23,0,67,5,0,0,57,0,0,8,9,65,2253,68,162
"213","311940","Seasoning and dressing manufacturing",0,0,0,0,2454,0,0,13,11,0,27,0,0,0,4,0,0,140,372,33,1013,34,1234
"214","311990","All other food manufacturing",0,0,0,0,2483,129,0,0,4,0,44,0,0,0,2,0,0,193,198,645,252,2,291
"215","312110","Soft drink and ice manufacturing",0,0,0,0,94,0,0,0,11,0,215,0,0,0,12,98,0,41,484,314,2109,30,537
"216","312120","Breweries",6,0,0,0,77,0,0,0,48,0,6,0,0,0,0,0,0,304,0,382,1323,44,201
"217","312130","Wineries",0,0,0,0,1095,0,0,0,110,0,7,0,0,0,12,0,0,61,0,135,2500,63,423
"218","312140","Distilleries",151,0,0,0,2219,0,0,11,8,0,0,0,0,0,3,0,0,5,0,74,1097,17,43
"219","312200","Tobacco product manufacturing",0,0,0,0,3699,0,0,0,0,0,0,0,0,0,0,1,0,0,0,0,0,0,575
"220","313100","Fiber, yarn, and thread mills",45,0,0,0,4498,182,273,0,0,0,5,68,0,0,0,0,0,0,53,0,0,2,42
"221","313200","Fabric mills",17.2087566601582,3.05559784227422,0.0358076579408942,65.0853162127279,6317.03613859748,1994.0832643876,4213.29508660732,1.18559089254393,0.185636469850655,0.0517133663342739,491.405268557435,59.0745937717179,0.254095376774663,7.260912731244,31.0835291392263,1.01820167455406,0.10477545752391,0.0918688155673959,19.0904126816031,11.2100142304001,43.1389946056855,28.0815435020022,661
"222","313300","Textile and fabric finishing and fabric coating mills",0,0,0,0,3888,1756,3374,168,0,0,728,54,0,16,15,2,20,25,2,449,1,51,130
"223","314110","Carpet and rug mills",180.678889366913,48.1199324883344,30.9915279478439,237.841182116027,141.277956117417,91.0653274646723,1277.39745863508,160.628917496773,160.668364655742,44.8789423718378,350.759936459609,64.5609094218486,219.919548598471,1849.8128967559,79.294470000331,15.753549326538,90.6831584869444,79.5124598735811,78.2521759274581,181.767316411292,120.299831220836,74.5759009828904,12.5969611451413
"224","314120","Curtain and linen mills",0,0,0,0,121,0,0,0,0,0,5,0,0,0,8,0,0,26,3080,36,1779,907,1304
"225","314900","Other textile product mills",270,0,0,914,713,1861,948,755,179,41.7517380952381,2172,16,0,153,49,2,177,2,39,173,30,154,1072.29526252319
"226","315000","Apparel manufacturing",0,0,0,0,2766,781,1,720,0,0,852,1758,0,70,25,6,398,65,369,78,273,1806,2480
"227","316000","Leather and allied product manufacturing",18,0,0,0,1588,188,1783,15,0,50,59,0,0,0,0,0,59,2,458,28,1,207,225
"228","322110","Pulp mills",0,0,0,18,0,6531,0,0,0,0,0,0,0,0,1,0,0,0,0,0,0,0,0
"229","322120","Paper mills",0,40,0,219,304,24828,817,300,900,95,302,2531,29,126,386,366,1113,100,367,66,755,226,4317
"230","322130","Paperboard mills",0,76,14,65,792,17200,3235,649,248,121,398,783,1156,451,1413,35,554,64,341,64,142,155,203
"231","322210","Paperboard container manufacturing",137,76,2,802,13878,13729,11264,1102,365,596,1215,388,92,54,1003,60,569,32,462,101,1230,256,747
"232","322220","Paper Bag and Coated and Treated Paper Manufacturing",231,99,1,1484,4764,5679,498,1517,92,118,1057,269,219,222,431,16,628,24,371,22,571,144,1343
"233","322230","Stationery product manufacturing",6,0,0,4,0,804,9,33,498,2,36,4,370,18,28,24,19,53,58,3,439,30,4492
"234","322291","Sanitary paper product manufacturing",5,0,0,0,2,8,0,1,0,0,0,0,0,0,69,0,21,0,3541,1,0,0,1362
"235","322299","All other converted paper product manufacturing",15,0,0,18,2200,993,48,79,24,0,47,0,0,0,0,1,0,3,0,0,460,0,774
"236","323110","Printing",41,13,62,53,502,2700,30,5964,538,53,3655,14797,4864,501,6112,866,2705,1232,4997,1374,1383,1606,14288
"237","323120","Support activities for printing",0,0,0,0,0,1929,0,0,0,121,2,2614,0,0,951,477,33,7,2,0,0,4,457
"238","324110","Petroleum refineries",10196,7840,23598,29017,2524,50158,9230,3822,78966,7296,2393,1393,11174,4789,2308,1596,5290,845,4159,1506,3552,3749,135634
"239","324121","Asphalt paving mixture and block manufacturing",0,4,0,8731,0,186,119,0,0,0,8,13,0,7,9,1,0,1,58,5,106,28,2738
"240","324122","Asphalt shingle and coating materials manufacturing",0,0,0,7102,0,119,0,0,0,0,0,127,0,0,3,0,190,5,53,0,0,25,364
"241","324190","Other petroleum and coal products manufacturing",44,2050,3,1026,1689,2500,5404,112,104,0,324,41,21,496,417,6,369,51,385,18,164,223,832
"242","325110","Petrochemical manufacturing",0,702,92,35,11,95178,119,1,1,0,1,3,15,0,22,0,59,4,488,0,0,22,1269
"243","325120","Industrial gas manufacturing",0,995,205,154,0,2261,1760,5,0,0,0,1,0,0,332,2,176,3,1378,0,0,61,1542
"244","325130","Synthetic dye and pigment manufacturing",0,0,0,1,720,5383,289,0,1,0,0,0,0,0,31,2,25,4,332,0,0,20,803
"245","325180","Other Basic Inorganic Chemical Manufacturing",437.924150485437,431.177993527508,1006.64381067961,94.99534789644,497.525080906149,20143.9923139159,3089.72372658354,211.979571197411,84.3002502796267,15.4813031184315,118.663430420712,36.8640776699029,43.4965614886731,316.442961165048,179.066747572815,14.2293689320388,737.002022653722,22.8040048543689,1342.01779935275,20.6458333333333,114.654530744336,41.044498381877,2397
"246","325190","Other basic organic chemical manufacturing",237,983,521,88,1497,72092,2549,206,51,16,25,366,0,2918,2034,80,877,54,2747,5,133,162,5547
"247","325211","Plastics material and resin manufacturing",0,0,0,1,1487,60916,9748,7,0,0,5,9,0,0,97,0,0,0,0,0,0,0,40
"248","3252A0","Synthetic rubber and artificial and synthetic fibers and filaments manufacturing",0,0,0,0,12553,4975,4468,3,0,0,0,0,0,0,78,0,0,0,25,0,0,0,18
"249","325411","Medicinal and botanical manufacturing",0,0,0,25,398,10398,0,46,0,0,0,0,0,0,30,0,0,0,1168,0,0,0,2
"250","325412","Pharmaceutical preparation manufacturing",182,0,0,14,0,2379,0,26,0,0,134,0,0,0,2008,5,0,0,43586,12,0,0,2317
"251","325413","In-vitro diagnostic substance manufacturing",0,0,0,37,0,137,0,5,0,0,0,0,0,0,1,0,0,1,8547,0,0,0,868
"252","325414","Biological product (except diagnostic) manufacturing",733,0,0,82,0,10466,0,2,0,0,170,0,0,0,315,3,0,0,6152,381,0,11,211
"253","325310","Fertilizer manufacturing",10633,442,1,3363,1,4769,35,219,3,0,15,0,0,37,160,1,467,22,32,49,4,0,2067
"254","325320","Pesticide and other agricultural chemical manufacturing",6843,0,0,2,0,90,0,21,0,0,0,0,0,0,90,0,69,19,3,58,13,15,386
"255","325510","Paint and coating manufacturing",1,63,0,3219,0,1969,12478,142,179,87,133,277,0,224,235,3,406,114,268,142,142,453,683
"256","325520","Adhesive manufacturing",0,0,0,677,265,4645,2112,36,1,0,8,20,8,8,5,0,69,0,25,3,1,10,110
"257","325610","Soap and cleaning compound manufacturing",52,0,0,720,822,6152,185,252,4,1,208,1,1,1819,235,1959,3311,157,408,12,75,491,4403
"258","325620","Toilet preparation manufacturing",0,0,0,5,0,2747,0,0,0,0,0,0,0,0,182,10,29,391,218,0,0,3043,920
"259","325910","Printing ink manufacturing",0,0,0,0,0,3156,149,65,0,91,2,480,0,0,186,0,145,1,0,0,0,1,112
"260","3259A0","All other chemical product and preparation manufacturing",184,2324,3,928,1412,9854,6495,198,273,314,90,432,218,1344,2116,23,620,56,774,66,36,302,5458
"261","326110","Plastics packaging materials and unlaminated film and sheet manufacturing",39,22,0,1012,3800,11962,11433,1693,68,165,1035,166,66,69,185,48,113,6,137,15,123,60,917
"262","326120","Plastics pipe, pipe fitting, and unlaminated profile shape manufacturing",247,45,0,3742,107,4081,2222,57,0,0,174,1153,29,55,564,3,111,1,224,27,310,59,516
"263","326130","Laminated plastics plate, sheet (except packaging), and shape manufacturing",0,0,0,0,81,889,2047,114,0,0,8,49,0,19,127,0,30,1,62,2,34,110,4
"264","326140","Polystyrene foam product manufacturing",0,0,0,1329,64,826,162,896,37,7,436,156,5,2,299,3,261,0,384,36,1541,13,233
"265","326150","Urethane and other foam product (except polystyrene) manufacturing",1.40910745606778,0.375285435350961,0.241701691101036,813.575884435914,90.2439355329781,245.562034616276,3107.99183459941,674.252738524672,3.25304617149192,13.3490652227563,401.735562762683,78.5035079590959,11.715143793229,146.63442826263,181.563821689777,2.1228613032399,112.707234338286,4.62011450507992,1659.61028560082,8.41759605520071,892.938213588377,52.5504186385148,34
"266","326160","Plastics bottle manufacturing",0,0,0,0,8614,2731,0,42,0,0,0,38,26,31,55,0,46,0,53,1,22,19,119
"267","326190","Other plastics product manufacturing",709,614,4,12781,3263,9610,20304,3130,579,2639,3427,2207,365,391,2405,34,678,330,6010,154,924,2022,4286
"268","326210","Tire manufacturing",588,593,0,3385,45,761,4067,167,352,3,251,140,68,74,175,7,259,137,196,2,104,253,1357
"269","326220","Rubber and plastics hoses and belting manufacturing",47,219,4,1,0,627,3223,0,14,0,1,15,0,277,1,0,0,0,8,0,0,99,199
"270","326290","Other rubber product manufacturing",6.82673951576539,76.2151834205051,1.28871675160653,607.446175381123,160.906033718442,2946.60697910252,5878.50158671946,21.4142842709489,7.78162138061597,2.53549911396986,7.99231151919219,200.03742766588,2.51945247855311,6.44245235367695,650.7014957751,182.537298229483,189.672146860757,3.3558591420615,709.508626796034,1.8757547854604,47.2881912176193,1177.32867819931,2612.15420844156
"271","423100","Motor vehicle and motor vehicle parts and supplies",713.2997943251,464.508268119863,471.448666151819,1167.3693583807,496.39043140883,1911.78126677981,21235.5169224465,920.32503149177,1078.03899627716,666.632161672894,1536.85325332626,1292.15146689312,811.194024966574,652.206723300347,727.302674163118,151.011454697299,871.736748024179,176.395526682909,1193.25580318985,139.743182334091,404.468993802891,1821.59402420089,2060.79029836578
"272","423400","Professional and commercial equipment and supplies",1312.11723608118,629.297247128074,1231.73937014167,1723.14261034988,1104.13458416251,4302.04898807363,9617.42063217803,8648.96545925354,1431.98322090206,445.223189480565,3885.90372134757,8489.08700209586,3130.36971238529,1816.88649846543,4484.51327330684,956.080069396784,2078.62999062046,623.920932123425,12599.3258311078,388.219914313139,1051.88931410326,1050.33109003787,5703.46465965571
"273","423600","Household appliances and electrical and electronic goods ",1006.0691947653,493.403131543954,867.459035946163,6257.20604448173,749.522649426763,2883.6707642844,25210.5752490896,3291.10577585048,815.163288296248,359.624874725655,1921.25271842374,5943.3343986547,1544.69073162095,1713.61442883517,2250.16975647053,1903.44060970124,1105.27998683537,347.522997759147,2341.29429065387,255.754069972668,759.540257963414,1087.99251488637,7990.69668712692
"274","423800","Machinery, equipment, and supplies",2252.45162531238,2735.80567924508,1445.20578989068,4689.33248007528,2834.41372905151,5949.43568359144,20563.9633807293,1878.7824546605,1368.43649673129,536.83837767922,1938.86864169461,3648.71293799022,2030.37390815659,1820.18403710476,1896.00522551467,511.110122410334,1250.03648043642,362.701496384456,2909.29004340699,364.927319244282,1050.99657564054,1598.56420089076,3900.85126646763
"275","423A00","Other durable goods merchant wholesalers",1722.65543785109,1439.22640759753,1637.90946624345,25749.6965995812,2649.74008316569,16853.2605424082,59097.2966872021,1462.02176713149,1189.35035072001,218.39859457027,1649.03299020886,3028.09870350646,767.258969157674,2876.04346714038,1882.92295617754,147.570082579396,1467.45286209389,439.747834961694,3435.06976054502,506.995808951786,1967.47823907585,1038.24124094139,5251.52298167482
"276","424200","Drugs and druggists sundries",274.007749168449,2.26069260012185,2.8368961340951,33.9285020862735,279.302911302127,9375.82045813391,104.44448175661,4467.7563890613,4.49698494013073,0.412910532312537,1322.16450712746,7.47283760643644,5.73089773675911,7.41323425755334,723.559947578468,6.51536913931163,17.421591481857,114.646549950475,16903.8293540706,117.740700303089,33.8677681971899,645.212142588799,1276.06947219814
"277","424400","Grocery and related product wholesalers ",1053.00774916845,10.2606926001218,3.8368961340951,133.928502086274,25596.3029113021,2036.82045813391,336.44448175661,1421.75638906129,59.4969849401307,9.41291053231254,1063.16450712746,91.4728376064365,40.7308977367591,27.8171915131198,117.559947578468,34.5153691393116,50.421591481857,588.646549950475,1637.82935407059,399.740700303089,3761.86776819719,183.212142588799,4287.0890520222
"278","424700","Petroleum and petroleum products",2048.81470626242,2316.59892720015,3457.5980146091,9362.44590508503,888.65247287099,17230.8454590967,2032.90519637424,1083.49590807774,14177.1669077289,1537.49133980821,554.013521234827,363.209452574017,2600.00016298321,1503.5606380785,563.246762782447,292.653638908395,1077.80299407455,151.820014571334,612.393327113918,195.93942477465,737.368876737899,512.537351576037,13334.5880212892
"279","424A00","Other nondurable goods merchant wholesalers",15510.1632380733,604.269601398633,194.650370167958,4538.98755512718,16522.9413296426,27911.6256497217,10536.0681113852,3019.13336321237,762.18147874746,195.023906734822,2440.34786994411,2829.83294790916,719.133053885087,766.886737286354,1657.74627714099,363.194856064993,1427.08144522755,467.124137025095,2837.75219644628,766.87995269154,4354.91735485681,1308.6259276749,7595.94839306911
"280","425000","Wholesale electronic markets and agents and brokers",1707.08455781756,51.056686500931,1034.95719296623,320.114019642855,2017.68111857089,1170.13864227358,3404.16473304215,6176.14073978433,91.8117899234918,10.57162309173,3953.7457238285,2640.32481153461,86.4243759417469,7171.12095529088,100.560016773056,19.4461004128155,70.8150122059393,30.1904121221899,680.169246772684,133.139806166118,73.0137459318476,82.5890366586235,211.454501699236
"281","4200ID","Customs duties",0,0,0,0,0,0,0,0,0,0,0,0,0,0,0,0,0,0,0,0,0,0,0
"282","441000","Motor vehicle and parts dealers",347.667991272289,362.632354498638,176.438285486065,1871.55278897172,570.957591969567,1173.22103403126,4430.6048330452,766.069029825155,851.820618018548,112.402853770146,2897.8182347296,601.289278164646,1483.29159138144,1300.58863707253,659.06343532336,96.5567317318446,911.844577448203,161.698212242786,251.070982999093,304.834316952985,305.450955598734,3071.02714984632,0
"283","445000","Food and beverage stores",74.1052863898812,1.89105087911319,71.5582004082241,145.927482186311,7.15834016298543,89.5242045205697,22.277419099559,19.0149961170618,432.630877439576,21.8405654226783,107.550860561257,9.20296262358519,30.4936112586099,108.518422907609,16.8538209597638,0.887961881635761,73.9137886311059,22.487020596337,22.3089168252625,41.7297688507896,919.339999969603,33.7935225420485,31
"284","452000","General merchandise stores",198.367461165045,50.8069307003647,121.394853832742,1545.23300525972,270.845192017177,776.112864922046,555.458499671589,211.724036565951,643.616204300186,44.3167708717513,500.278467584302,177.523224813756,384.007779464868,1475.0036544737,202.982843899841,25.9651778011287,266.636315978655,173.398539374161,143.208569622818,78.7510758818206,554.773045260334,421.173534571518,73
"285","444000","Building material and garden equipment and supplies dealers",658.600171719486,161.213970202027,134.713339034284,67550.3621270393,802.274337567708,1485.44775018797,1890.19327334813,564.858100562966,318.295955369878,64.8805838859139,1717.4964394806,241.146045150372,999.432730981169,7071.21576309442,344.811163805567,65.4230849155164,564.545679015745,142.483446232407,209.981852425949,614.956225421686,2395.26265399793,1289.03675765761,133
"286","446000","Health and personal care stores",0.701879800452602,0.427429308292708,0.352195982680784,28.3397733708785,1.26181661218164,35.7965667751972,2.41886870058525,10.3595539168701,1.8206777774384,0.189990814714967,13.9327287569965,5.7239573053309,14.0499258324255,21.4065390847544,9.87106912104251,0.200703712972466,9.65859606045545,6.33610739506248,11.5218784605045,1.61700254846614,34.5289041027185,9.40538523210685,4
"287","447000","Gasoline stations",1051.38284352752,5.23314325906875,1125.19210689964,62.7307854750246,2.14280906118998,58.4344909682894,27.7739283821374,1.74157486374734,7072.44764242406,354.103631353481,58.0542156856345,1.39488580290776,1.66359590859574,25.1471998739033,1.47512861147773,0.109474752530436,16.3592342147939,0.183331306397716,0.284660978457021,0.336546844617897,3.28849314693734,31.2211192175128,4
"288","448000","Clothing and clothing accessories stores",0.574265291279404,0.349714888603126,0.288160349466097,2.09617821253695,258.214213591785,369.651736452434,5.16089257320612,1.11236229562101,1.67146363608597,0.155447030221337,4.58132352845171,0.592328704361644,2.49539386289361,7.47914810068409,0.7126929172166,0.164212128795654,1.53885132219082,0.274996959596575,0.426991467685532,0.504820266926847,0.432739720406011,4.33167882626925,0
"289","454000","Nonstore retailers",169.851221185619,180.194491065864,225.43933279879,1217.24779874427,161.144745827515,1771.02097253986,647.100999630163,402.616601479354,1352.96654876769,214.294889651223,2140.63059863896,534.455567633612,752.797016216609,1016.79715771301,397.834586621055,84.9243950562225,307.479567257108,134.86616644613,240.276946693637,133.290442067768,631.716291343782,402.600755681995,97
"290","4B0000","All other retail",396.886077916611,218.64306450191,186.035631661439,3367.66535121486,307.507379866275,1370.29790352932,982.359060289146,968.894702088231,444.104098656063,97.0239730280759,1355.29055311255,1051.14967894871,1926.07094240852,6686.75656921977,866.578495110803,185.44805205228,638.970551153968,263.714848794647,592.450858456652,378.836299774277,1902.4057554822,483.449189284199,375
"291","481000","Air transportation",36.7424608669656,313.812389992782,901.584881166146,323.375176887901,1305.30568160945,3074.87852524893,4410.73400215914,2970.40943069419,4338.18027790836,886.014611572563,289.911220251696,2981.18161653329,8260.11779671354,6035.52454327971,7076.51468053859,346.272812829674,3766.52540534871,620.128641329186,2920.28657331749,344.489167642723,1107.30374345059,526.747021033074,10419.1977735598
"292","482000","Rail transportation",1633.0613947192,1416.33308869222,4341.15955849135,1779.02734994962,5178.96094086523,11713.9000891105,7968.92874129567,273.174254362813,3007.28060079604,167.354676582278,338.688196796209,370.069076799072,321.120035084026,266.41478154648,518.637866909512,48.3954809162202,349.603915250344,58.0827304923757,445.042399880588,63.1716660859047,421.148280924198,137.744884261685,3138.08777876054
"293","483000","Water transportation",630.374433780883,762.181006724263,174.553349185383,1221.34742448026,1722.2133021442,1835.6311580633,1092.97859413616,58.5267737777105,119.527720481864,1164.19555441977,67.0832777162867,36.4991312474695,16.1850448227065,51.8666542050588,555.388467657948,81.1281496817468,97.2279280289348,185.116463476193,187.463285458878,21.161765573465,63.4108155571887,45.2380850231011,3525.97663204529
"294","484000","Truck transportation",4649.96979132452,1564.41305775726,1238.19556437848,17374.5445494864,18054.6768518683,22213.1313649675,26593.1520053764,3305.72026887582,12381.1349742272,695.544850680814,14837.843109688,3253.76747765694,2081.45349669795,2358.7661474988,2793.18294170451,711.251613043555,1574.23455019421,600.184272930957,4294.97466952982,904.126069713656,2538.58827110396,1741.84639872978,8728.16828337014
"295","485000","Transit and ground passenger transportation",1,68,186,350,267,697,1055,340,383,2,80,912,2915,1868,2806,101,1165,222,1699,1589,359,128,10995
"296","486000","Pipeline transportation",142,2567,9534,209,45,6476,88,28,516,48,21,8,71,39,17,12,50,6,39,11,28,29,3426
"297","48A000","Scenic and sightseeing transportation and support activities for transportation",123,599,4123,0,478,3095,641,5544,61292,7689,2459,1033,340,436,5618,327,844,57,635,613,102,196,3263
"298","492000","Couriers and messengers",0,0,0,0,0,99,1,22875,12590,2235,7389,4787,5308,1730,3836,10,1996,370,3229,419,401,1191,1081
"299","493000","Warehousing and storage",539,163,713,0,140,573,1769,12678,3572,5899,34452,1862,142,527,1058,6,986,137,1237,229,1442,461,3568
"300","511110","Newspaper publishers",0,0,0,0,0,0,0,0,0,0,238,72,0,0,10,48,0,23,54,0,0,0,19
"301","511120","Periodical Publishers",39,1,7,0,12,59,113,227,54,19,222,925.073251574412,418,264,1038,279,185,180,1338,89.5621478289692,146,232,212
"302","511130","Book publishers",0,0,0,0,0,6,1,4,10,0,0,7396.92674842559,12,11,50,5,4,24,190,2618.43785217103,3,20,3910
"303","5111A0","Directory, mailing list, and other publishers",0,0,5,0,0,0,0,65,6,0,39,437,112,571,457,168,276,35,62,8,6,94,509
"304","511200","Software publishers",23.4542683894727,85.3546779262834,311.157528810438,352.079272357853,79.2642306104956,522.133147084034,3925.65164879426,3273.85885266199,225.183494247285,215.333971951313,913.290675894473,33763.7507222452,4800.25524619829,312.072161020985,7567.47074510302,3729.50112701991,2672.9319978412,919.280516841804,881.682942315629,49.8160576526239,49.8170735578907,307.976634178863,6388.68868639017
"305","512100","Motion picture and video industries",0.60844988415677,7.04787782481592,20.535183590291,7.63097563046616,9.07604410533849,35.4929099091449,193.329418085768,162.225160421645,101.176788863331,4.65980546702199,59.2055580489817,66699.094330419,301.05034025158,624.667584517037,602.748917381336,137.357561348391,130.48999866568,86.4788267688837,445.794320649207,159.138314737608,90.194361891823,77.3858974514489,1432
"306","512200","Sound recording industries",0,0,0,0,0,0,0,0,0,0,447,7900,0,0,569,197,0,513,0,4060,661,590,382
"307","515100","Radio and television broadcasting",0,86,0,0,0,0,0,0,0,0,0,12388.2149268453,0,0,171,0,0,0,0,141.035311523919,27,0,1764
"308","515200","Cable and other subscription programming",0,0,0,0,0,0,0,0,0,0,8,30339.319579155,0,0,0,0,0,0,0,214.425612362321,0,0,0
"309","517110","Wired telecommunications carriers",237.718185501729,584.270243019892,727.881533692037,3861.33178481573,791.34289456574,2532.10642367818,5062.19361288543,6512.37156883993,2058.37349352972,745.210950935661,6173.79867700687,62698.2813150778,12911.0665831158,8500.63579996796,10223.7509964852,3617.48217634255,4218.84728098527,1671.77139734082,5254.30956531572,865.34289456574,3152.24571487802,2859.48587959255,20126
"310","517210","Wireless telecommunications carriers (except satellite)",232,306,281,2555,652,1961,3389,4639,861,226,3987,5324,8732,4474,7498,2151,3435,776,3660,461,2012,1032,12832
"311","517A00","Satellite, telecommunications resellers, and all other telecommunications",65,50,361,516,336,538,708,862,650,54,573,1949,1790,1397,1193,500,453,120,604,54,289,396,2667
"312","518200","Data processing, hosting, and related services",0,14,988,511,874,2127,4380,1816,212,130.614790372351,4292,2571,8916,480,18349,2626,4724,165,1542,305,1255,664,18404.4472917248
"313","519130","Internet publishing and broadcasting and Web search portals",0,0,0,0,0,0,0,3,25,0,454,1118,171,1864,2611,499,1766,1305,578,241,409,1150,696
"314","5191A0","News syndicates, libraries, archives and all other information services",0,11,53,3,0,0,0,45,18,21,45,2303,179,417,308,9,20,0,22,24,11,128,1350
"315","522A00","Nondepository credit intermediation and related activities",142,445,515,999,1384,2376,3263,10151,5853,1290,10638,787,50736,52767,3079,5796,1727,547,1863,1650,2969,12660,3335
"316","52A000","Monetary authorities and depository credit intermediation",1403,2478,8814,6723,3176,4834,7745,6165,5023,2627,9465,7053,64856,73756,18232,7152,4556,1835,10004,665,1310,3089,8624
"317","523900","Other financial investment activities",66,7453,132,203,141,295,343,388,1088,104,189,161,130517,1952,856,500,166,62,7352,53,239,7486,20723
"318","523A00","Securities and commodity contracts intermediation and brokerage",259,366,1152,3305,380,630,12899,1768,8628,97,1942,1416,77313,5678,4089,6379,1864,509,3409,436,4603,7240,4056
"319","524113","Direct life insurance carriers",0,0,0,0,0,0,0,0,0,0,0,0,0,0,0,0,0,0,0,0,0,0,0
"320","5241XX","Insurance carriers, except direct life",3823,6829,479,307,1319,2477,5672,12762,15112,1106,6022,2302,56886,50294.36,10135,130,4847,560,42076,1833,4087,2307,26550
"321","524200","Insurance agencies, brokerages, and related activities",187,313,228,17,1250,1531,2604,449,1849,82,1404,585,171019,304,661,176,437,409,756,528,46,176,612
"322","525000","Funds, trusts, and other financial vehicles",0,0,0,0,0,0,0,0,0,0,0,0,15906,0,0,17,0,0,0,0,0,0,0
"323","531HSO","Owner-occupied housing",0,0,0,0,0,0,0,0,0,0,0,0,0,0,0,0,0,0,0,0,0,0,0
"324","531HST","Tenant-occupied housing",0,0,0,0,0,0,0,0,0,0,0,0,0,0,0,0,0,0,0,0,0,0,0
"325","531ORE","Other real estate",18980,542,2829,11132,2146,7001,15476.667217046,34528,9460.76532531027,9547.23467468973,87394,24368,52409,235809.64,71307,19506,16874,26913,94838,22844,41899,39232,54279
"326","532100","Automotive equipment rental and leasing",1483,136,375,463,892,2155,2715,5194,4957,348,2197,1959,4599,4229,3132,2706,1857,378,4727,1230,1224,1507,931
"327","532400","Commercial and industrial machinery and equipment rental and leasing",2108,4575,321,14193,686,1609,2025,3232,13397,406,1388,4651,4319,2744,3112,1767,1184,245,6104,738,779,964,4724
"328","532A00","General and consumer goods rental",0,0,0,3,92,228,269,576,1483,1044,255,692,713,417,573,1058,478,1939,524,154,134,164,3564
"329","533000","Lessors of nonfinancial intangible assets",90,2597,479,944,3776,7303,12382,5125,956,289,5759,9346,5239,2489,8086,10227,2214,588,1092,812,4667,163,1240
"330","541100","Legal services",487,4291,4929,5366,1237,6004,13042,7678,1572,1848,4004,8221,24080,50023.04,16488,9162,4568,381,13015,2459,4345,2255,9940
"331","541511","Custom computer programming services",140.288079671029,1743.92025618942,2010.47268889725,901.654665874162,1342.21385509286,4425.13798081005,11914.6196323478,7172.08862310314,1682.54628192135,1409.03931827828,7702.48635961135,17402.4009024855,24194.6926939919,1741.16805152901,14038.3414282075,4216.78398573491,5496.82081296474,1488.99118135834,4007.04209172843,347.756899040503,608.762418272905,1414.33775276265,22698.4014661236
"332","541512","Computer systems design services",252.317248437836,418.676039646627,562.574983839689,2921.15840336134,699.069607843137,2179.33168498168,3759.1082819281,2823.35591467356,773.579456325591,272.738750957322,2178.74499030381,3615.38332255979,5893.43016591252,1525.63146951088,5525.34899806076,7244.41138763198,2674.00161603103,178.927666451196,3472.54611075199,384.638332255979,914.236888601595,768.4186059039,33902.0729737074
"333","54151A","Other computer related services, including facilities management",177,44,802,1587,177,488,780,2484,319,107,1878,4296,8770,645,9172,4687,2239,892,3257,294,523,623,5225
"334","541200","Accounting, tax preparation, bookkeeping, and payroll services",845,1077,2198,3101,1314,2881,4329,7810,1482,776,5654,6523,14870,5306,13506,6188,4706,503,10058,1772,4991,3078,11470
"335","541300","Architectural, engineering, and related services",1942.71616897533,7402.72080877757,3957.96408178038,32813.7180222887,4385.65663828149,11664.1638470231,15714.8837043684,4110.39375051739,2906.37769137613,448.654780995786,3738.10922014531,13165.0378366436,4288.06266440856,40350.0059814092,31025.5108793278,2089.81814052727,4635.40945340248,1132.54537656794,5082.300165832,1031.02889432858,1632.78104580393,1350.69732851377,53930
"336","541610","Management consulting services",3,285,308,881,636,4083,7422,8200,713,589,4257,8481,26645,2055,23873,7542,4851,525,16760,1382,2388,1465,11730
"337","5416A0","Environmental and other technical consulting services",3,101,97,216,116,480,550,1244,488,73,893,1766,7570,431,5918,1832,1016,112,3742,291,538,779,3523
"338","541700","Scientific research and development services",13.1034704448137,1421.03186598576,1478.99212751246,1052.71435849537,3874.7101008018,48093.3691092808,99534.4723930724,4729.68621647521,859.835409847137,137.951196006889,2692.30808233967,14194.7713460862,8160.2569657565,430.164363953954,38989.9096544111,3547.8584529167,1915.68918836958,2003.52999187278,3892.16358762236,232.46845546404,568.043219835272,3265.2763497859,114141
"339","541800","Advertising, public relations, and related services",17,253,2356,3368,4157,10420,15156,30658,3576,602,45217,46597,33268,6131,36460,22109,11037,2813,11447,11137,21149,6793,8543
"340","541400","Specialized design services",0,63,189,274,501,1719,3527,1743,154,35,1279,1004,3132,1156,4570,2,266,75,666,70,140,119,3821
"341","541920","Photographic services",0,0,0,0,0,0,0,191,1,0,58,954.213710340292,0,203,1841,3,650,1,8,31.0562222587539,6,427,51
"342","541940","Veterinary services",557,0,0,0,0,0,0,0,0,0,0,0,0,0,52,3,8,0,677,0,0,0,954
"343","5419A0","All other miscellaneous professional, scientific, and technical services ",92,402,3918,884,2243,3632,7192,1548,1265,290,2289,6591,6923,2381,9102,2666,1139,661,2617,419,373,2396,4793
"344","550000","Management of companies and enterprises",0,9837,19,6735,13176,24510,45927,51098,8736,1250,49561,13658,19519,7583,32294,56,26819,3241,31445,4026,60541,8374,839
"345","561300","Employment services",12,141,2715,2044,619,2776,6221,9707,2865,2007,6984,8739,15565,52402,24916,1607,6954,637,15620,1535,5356,1595,5511
"346","561700","Services to buildings and dwellings",700,1551,961,2734,2971,7691,8169,4082,3125,1380,5712,1976,4289,43241,4200,1304,2384,824,4813,1670,5104,3790,13209
"347","561100","Office administrative services",3,30,28,667,87,371,374,1882,653,230,1201,1817,1793,12347,6828,845,1578,138,4926,339,555,367,6364
"348","561200","Facilities support services",0,2,1,55,283,1038,2817,882,363,191,810,854,2341,2802,3145,5,706,176,1529,164,336,123,8554
"349","561400","Business support services",22,210,756,751,803,2788,6220,8414,1152,223,4882,2469,2641,10908,9979,1287,3092,257,5072,337,946,555,5170
"350","561500","Travel arrangement and reservation services",20,170,239,26,28,55,152,284,4891,825,368,275,3039,1365,1944,3057,1232,89,1046,564,250,593,4675
"351","561600","Investigation and security services",0,155,272,472,334,1146,2822,3073,1248,123,1974,844,2973,13773,1938,2,1169,259,1613,214,522,215,4049
"352","561900","Other support services",12,121,384,300,895,1789,4098,4306,1299,403,3028,1223,759,2700,3300,240,1612,335,2062,330,134,732,6124
"353","562000","Waste management and remediation services",312,1053,824,2484,2404,6258,3898,1893,687,666,2738,401,1717,7930,1543,676,9403,541,3682,794,3375,1369,17853
"354","611100","Elementary and secondary schools",0,0,0,0,0,0,0,0,0,0,0,0,0,0,0,0,0,0,0,0,0,0,0
"355","611A00","Junior colleges, colleges, universities, and professional schools",160,0,104,1,0,40,0,284,22,0,762,366,0,0,33,0,3,513,82,0,0,1,4027
"356","611B00","Other educational services",0,0,0,0,0,4,0,175,5,0,1012,0,28,0,0,0,94,2081,0,1362,0,1048,4190
"357","621100","Offices of physicians",0,0,0,0,0,0,0,0,0,0,0,0,0,0,0,0,0,0,0,0,0,0,388
"358","621200","Offices of dentists",0,0,0,0,0,0,0,0,0,0,0,0,0,0,0,0,0,0,0,0,0,0,0
"359","621300","Offices of other health practitioners",0,0,0,0,0,0,0,0,0,0,0,0,0,0,0,0,0,0,0,0,0,0,548
"360","621400","Outpatient care centers",0,0,0,0,0,0,0,0,0,0,0,0,0,0,0,0,0,0,0,0,0,0,803
"361","621500","Medical and diagnostic laboratories",0,0,0,0,0,0,0,0,0,0,0,0,0,0,49,0,0,0,8479,0,0,0,60
"362","621600","Home health care services",0,0,0,0,0,0,0,0,0,0,0,0,0,0,0,0,0,0,0,0,0,0,0
"363","621900","Other ambulatory health care services",0,0,0,0,0,0,0,0,0,0,0,0,0,0,0,0,45,0,8799,70,0,43,1004
"364","622000","Hospitals",0,0,0,0,0,0,0,0,0,0,0,0,0,0,0,0,0,0,116,0,0,0,0
"365","623A00","Nursing and community care facilities",0,0,0,0,0,0,0,0,0,0,0,0,0,0,0,0,0,0,0,0,0,0,2491
"366","623B00","Residential mental health, substance abuse, and other residential care facilities",0,0,0,0,0,0,0,0,0,0,0,0,0,0,0,0,0,0,0,0,0,0,144
"367","624100","Individual and family services",0,0,0,0,0,0,0,0,0,0,0,0,0,0,0,0,0,0,0,0,0,0,0
"368","624400","Child day care services",0,0,0,0,0,0,0,0,0,0,0,0,0,0,0,0,0,0,0,0,0,0,887
"369","624A00","Community food, housing, and other relief services, including rehabilitation services",0,0,0,0,0,0,0,0,0,0,0,0,0,0,0,0,0,0,0,0,0,0,0
"370","711100","Performing arts companies",11,2,30,2,6,25,23,56,187,0,0,1306.90252626573,179,104,1986.18830556429,929,378,91,68,1369.14559140317,1037,32,57
"371","711200","Spectator sports",27,7,45,46,27,71,107,97,0,0,2,7309,351,230,320,14,162,348,103,3468,44,16,141
"372","711500","Independent artists, writers, and performers",4,0,59,18,128,237,269,619,52,43,298,11782.082678403,1171,2235,1626.81169443571,457,257,68,638,2824.97359320968,298,609,1749
"373","711A00","Promoters of performing arts and sports and agents for public figures",0,0,19,3,8,25,9,145,146,25,709,2739,116,605,352,996,224,5,95,6393,81,596,2
"374","712000","Museums, historical sites, zoos, and parks",0,0,0,0,0,0,0,0,0,0,0,0,0,0,0,0,0,0,0,0,0,0,0
"375","713100","Amusement parks and arcades",0,0,0,0,0,0,0,0,0,0,0,0,0,0,0,117,51,8,0,8,140,0,0
"376","713200","Gambling industries (except casino hotels)",0,0,0,0,0,0,0,0,0,0,0,0,0,0,0,0,0,0,0,0,0,0,181
"377","713900","Other amusement and recreation industries",63,31,102,184,112,311,447,456,4,2,542,429,1280,808,1277,848,669,92,595,134,426,71,2243
"378","721000","Accommodation",4,158,823,260,635,2006,2391,1039,295,46,396,2544,7468,5181,6731,638,3086,414,2248,194,1114,348,4691
"379","722110","Full-service restaurants",442,113,1604,156,618,1355,1972,1411,302,360,916,2338,9782,13335,8310,1041,3010,360,8662,230,1207,634,1296
"380","722211","Limited-service restaurants",63,167,121,41,467,1017,1406,673,105,459,419,369,2825,4883,2437,372,792,74,1723,49,815,231,3275
"381","722A00","All other food and drinking places",43,14,82,74,46,200,201,530,6157,813,2566,431,1047,759,5442,1121,3537,789,14029,1476,3622,1097,3975
"382","811100","Automotive repair and maintenance",251,159,222,1383,868,2275,2410,3011,7494,281,2327,1291,4197,10610,1408,1039,1403,172,2540,312,1983,466,1939
"383","811200","Electronic and precision equipment repair and maintenance",191,362,895,907,257,748,926,2705,1116,222,2373,1045,1955,1732,2019,639,1353,1057,2582,768,1855,1000,9463
"384","811300","Commercial and industrial machinery and equipment repair and maintenance",251,31,601,2444,1533,4029,4274,4992,749,192,4072,2235,7110,4141,2476,1760,2324,508,4366,588,3435,846,3260
"385","811400","Personal and household goods repair and maintenance",47,123,587,396,144,444,400,1116,695,274,890,530,1030,2834,960,428,1880,499,902,323,854,235,2275
"386","812100","Personal care services",0,0,0,0,0,0,0,0,0,0,0,0,0,0,0,0,0,0,0,0,0,346,26
"387","812200","Death care services",0,0,0,0,0,0,0,0,0,0,0,0,0,0,0,0,0,0,0,0,0,0,0
"388","812300","Dry-cleaning and laundry services",21,0,4,0,38,75,349,359,910,377,481,33,0,317,322,0,221,89,3999,183,919,2229,2044
"389","812900","Other personal services",0,0,0,0,0,0,0,1798,3,246,298,447,371,44,1800,3,175,13,187,345,56,5,2115
"390","813100","Religious organizations",0,0,0,0,0,0,0,0,0,0,0,0,0,0,0,0,0,0,0,0,0,0,0
"391","813A00","Grantmaking, giving, and social advocacy organizations",0,0,0,0,0,0,0,0,0,0,0,0,0,0,0,0,0,0,0,0,0,212,0
"392","813B00","Civic, social, professional, and similar organizations",167,145,271,999,199,413,441,408,250,84,521,419,8792,1448,1274,1415,302,141,1026,138,212,581,20
"393","814000","Private households",0,0,0,0,0,0,0,0,0,0,0,0,0,0,0,0,0,0,0,0,0,0,0
"394","S00500","Federal general government (defense)",0,0,0,0,0,0,0,0,0,0,0,0,0,0,0,0,0,0,0,0,0,0,0
"395","S00600","Federal general government (nondefense)",0,0,0,0,0,0,0,0,0,0,0,0,0,0,0,0,0,0,0,0,0,0,0
"396","491000","Postal service",42,14,435,9,7,533,1942,15242,6790,1149,6443,3575,5494,1637,4464,436,1850,668,3684,371,5573,1770,2845
"397","S00102","Other federal government enterprises",0,0,0,0,0,0,0,0,0,0,2,0,2921,0,1,0,0,0,0,0,0,0,0
"398","GSLGE","State and local government educational services",0,0,0,0,0,0,0,0,0,0,0,0,0,0,0,0,0,0,0,0,0,0,0
"399","GSLGH","State and local government hospitals and health services",0,0,0,0,0,0,0,0,0,0,0,0,0,0,0,0,0,0,0,0,0,0,0
"400","GSLGO","State and local government other services",0,0,0,0,0,0,0,0,0,0,0,0,0,0,0,0,0,0,0,0,0,0,0
"401","S00203","Other state and local government enterprises",6,0,2040,0,739,1927,1106,386,117,300,731,157,427,872,1125,209,656,56,1872,157,1032,432,3774
"402","S00401","Scrap",0,0,0,0,18,1995,17299,0,0,0,0,0,0,0,0,0,0,0,0,0,0,0,0
"403","S00402","Used and secondhand goods",-43,-14,1042,42,0,3,2,0,461,421,12,4,0,-33,0,399,0,160,10,133,0,978,-7
"404","S00300","Noncomparable imports",819,1402,1068,1559,2097,5243,6013,4456,15751,370,3042,10950,24708,4068,3791,1164,1304,471,176,349,2075,415,19739
"405","S00900","Rest of the world adjustment",0,0,0,0,0,0,0,0,0,0,0,0,0,0,0,0,0,0,0,0,0,0,0
